-- phpMyAdmin SQL Dump
-- version 5.0.4
-- https://www.phpmyadmin.net/
--
-- Host: 127.0.0.1
-- Generation Time: Mar 19, 2021 at 06:59 PM
-- Server version: 10.4.17-MariaDB
-- PHP Version: 7.3.27

SET SQL_MODE = "NO_AUTO_VALUE_ON_ZERO";
START TRANSACTION;
SET time_zone = "+00:00";


/*!40101 SET @OLD_CHARACTER_SET_CLIENT=@@CHARACTER_SET_CLIENT */;
/*!40101 SET @OLD_CHARACTER_SET_RESULTS=@@CHARACTER_SET_RESULTS */;
/*!40101 SET @OLD_COLLATION_CONNECTION=@@COLLATION_CONNECTION */;
/*!40101 SET NAMES utf8mb4 */;

--
-- Database: `custombox`
--

-- --------------------------------------------------------

--
-- Table structure for table `accesstoken`
--

CREATE TABLE `accesstoken` (
  `id` varchar(255) NOT NULL,
  `ttl` int(11) DEFAULT NULL,
  `scopes` text DEFAULT NULL,
  `created` datetime DEFAULT NULL,
  `userId` int(11) DEFAULT NULL
) ENGINE=InnoDB DEFAULT CHARSET=utf8;

-- --------------------------------------------------------

--
-- Table structure for table `acl`
--

CREATE TABLE `acl` (
  `id` int(11) NOT NULL,
  `model` varchar(512) DEFAULT NULL,
  `property` varchar(512) DEFAULT NULL,
  `accessType` varchar(512) DEFAULT NULL,
  `permission` varchar(512) DEFAULT NULL,
  `principalType` varchar(512) DEFAULT NULL,
  `principalId` varchar(512) DEFAULT NULL
) ENGINE=InnoDB DEFAULT CHARSET=utf8;

-- --------------------------------------------------------

--
-- Table structure for table `tbl_piso`
--

CREATE TABLE `tbl_piso` (
  `id` int(11) NOT NULL,
  `name` text DEFAULT NULL,
  `catagory` text DEFAULT NULL,
  `p` decimal(8,2) DEFAULT NULL,
  `l` decimal(8,2) DEFAULT NULL,
  `t` decimal(8,2) DEFAULT NULL,
  `description` text DEFAULT NULL,
  `created_at` datetime NOT NULL,
  `updated_at` datetime NOT NULL
) ENGINE=InnoDB DEFAULT CHARSET=utf8;

--
-- Dumping data for table `tbl_piso`
--

INSERT INTO `tbl_piso` (`id`, `name`, `catagory`, `p`, `l`, `t`, `description`, `created_at`, `updated_at`) VALUES
(1, '1-E', 'E-Mailer', '23.50', '19.00', '4.50', '-', '2020-11-19 23:24:22', '2020-11-19 23:24:22'),
(2, '2-E', 'E-Mailer', '33.50', '24.50', '7.50', '-', '2020-11-19 23:24:22', '2020-11-19 23:24:22'),
(3, '3-E', 'E-Mailer', '28.50', '19.50', '9.50', '-', '2020-11-19 23:24:22', '2020-11-19 23:24:22'),
(4, '4-E', 'E-Mailer', '25.00', '25.00', '10.00', '-', '2020-11-19 23:24:22', '2020-11-19 23:24:22'),
(5, '5-E', 'E-Mailer', '19.50', '19.50', '4.50', '-', '2020-11-19 23:24:22', '2020-11-19 23:24:22'),
(6, '6-E', 'E-Mailer', '20.50', '21.50', '7.50', 'Buka depan', '2020-11-19 23:24:22', '2020-11-19 23:24:22'),
(7, '7-E', 'E-Mailer', '20.00', '20.00', '10.00', 'Buka depan (bisa copot)', '2020-11-19 23:24:22', '2020-11-19 23:24:22'),
(8, '8-E', 'E-Mailer', '26.00', '15.50', '6.00', '-', '2020-11-19 23:24:22', '2020-11-19 23:24:22'),
(9, '9-E', 'E-Mailer', '17.50', '18.50', '9.50', 'Mika 2 jendela', '2020-11-19 23:24:22', '2020-11-19 23:24:22'),
(10, '10-E', 'E-Mailer', '28.50', '24.50', '4.50', '-', '2020-11-19 23:24:22', '2020-11-19 23:24:22'),
(11, '11-E', 'E-Mailer', '15.50', '22.50', '7.50', '-', '2020-11-19 23:24:22', '2020-11-19 23:24:22'),
(12, '12-E', 'E-Mailer', '20.00', '20.00', '5.00', '-', '2020-11-19 23:24:22', '2020-11-19 23:24:22'),
(13, '13-E', 'E-Mailer', '19.50', '20.50', '6.50', 'Full mika + buka depan', '2020-11-19 23:24:22', '2020-11-19 23:24:22'),
(14, '14-E', 'E-Mailer', '22.00', '22.00', '6.00', '-', '2020-11-19 23:24:22', '2020-11-19 23:24:22'),
(15, '15-E', 'E-Mailer', '20.50', '14.50', '4.50', '-', '2020-11-19 23:24:22', '2020-11-19 23:24:22'),
(16, '16-E', 'E-Mailer', '10.00', '10.00', '5.00', '-', '2020-11-19 23:24:22', '2020-11-19 23:24:22'),
(17, '17-E', 'E-Mailer', '15.00', '15.00', '5.00', '-', '2020-11-19 23:24:22', '2020-11-19 23:24:22'),
(18, '18-E', 'E-Mailer', '18.00', '18.00', '5.00', '-', '2020-11-19 23:24:22', '2020-11-19 23:24:22'),
(19, '19-E', 'E-Mailer', '20.50', '15.50', '10.50', '-', '2020-11-19 23:24:22', '2020-11-19 23:24:22'),
(20, '20-E', 'E-Mailer', '23.50', '19.50', '9.50', '-', '2020-11-19 23:24:22', '2020-11-19 23:24:22'),
(21, '21-E', 'E-Mailer', '25.00', '20.00', '5.00', '-', '2020-11-19 23:24:22', '2020-11-19 23:24:22'),
(22, '22-E', 'E-Mailer', '41.00', '29.00', '6.00', '-', '2020-11-19 23:24:22', '2020-11-19 23:24:22'),
(23, '23-E', 'E-Mailer', '15.00', '9.50', '4.50', '-', '2020-11-19 23:24:22', '2020-11-19 23:24:22'),
(24, '24-E', 'E-Mailer', '18.50', '13.50', '7.00', 'Potongan kembang atas', '2020-11-19 23:24:22', '2020-11-19 23:24:22'),
(25, '25-E', 'E-Mailer', '20.00', '20.00', '7.00', '-', '2020-11-19 23:24:22', '2020-11-19 23:24:22'),
(26, '26-E', 'E-Mailer', '45.00', '35.00', '5.00', '-', '2020-11-19 23:24:22', '2020-11-19 23:24:22'),
(27, '27-E', 'E-Mailer', '18.00', '24.50', '6.70', 'Bolong Atas', '2020-11-19 23:24:22', '2020-11-19 23:24:22'),
(28, '28-E', 'E-Mailer', '23.50', '24.50', '9.50', '-', '2020-11-19 23:24:22', '2020-11-19 23:24:22'),
(29, '29-TB/A', 'Top Bottom', '41.00', '25.00', '10.00', 'Total buah', '2020-11-19 23:24:22', '2020-11-19 23:24:22'),
(30, '29-TB/B', 'Top Bottom', '41.00', '25.00', '10.00', 'Total buah', '2020-11-19 23:24:22', '2020-11-19 23:24:22'),
(31, '30-TB/A', 'Top Bottom', '20.00', '20.00', '5.00', '-', '2020-11-19 23:24:22', '2020-11-19 23:24:22'),
(32, '30-TB/B', 'Top Bottom', '20.00', '20.00', '20.00', '-', '2020-11-19 23:24:22', '2020-11-19 23:24:22'),
(33, '31-TB/A', 'Top Bottom', '35.00', '35.00', '4.50', '-', '2020-11-19 23:24:22', '2020-11-19 23:24:22'),
(34, '31-TB/B', 'Top Bottom', '35.00', '35.00', '10.00', '-', '2020-11-19 23:24:22', '2020-11-19 23:24:22'),
(35, '32-SL/A+B*', 'Slide Box', '21.00', '10.50', '9.50', '1 Piso dengan selongsong(sloped) alfons', '2020-11-19 23:24:22', '2020-11-19 23:24:22'),
(36, '33-SL/A', 'Slide Box', '35.00', '30.00', '10.00', '-', '2020-11-19 23:24:22', '2020-11-19 23:24:22'),
(37, '33-SL/B', 'Slide Box', '35.00', '30.00', '10.00', '-', '2020-11-19 23:24:22', '2020-11-19 23:24:22'),
(38, '35-SL/A+B', 'Slide Box', '24.00', '12.00', '10.00', '-', '2020-11-19 23:24:22', '2020-11-19 23:24:22'),
(39, '36-SL/A', 'Slide Box', '26.50', '17.50', '12.50', '-', '2020-11-19 23:24:22', '2020-11-19 23:24:22'),
(40, '36-SL/B', 'Slide Box', '26.50', '17.50', '12.50', '-', '2020-11-19 23:24:22', '2020-11-19 23:24:22'),
(41, '37*-RTT', 'Regular Small', '12.50', '11.50', '12.40', 'Wonderful', '2020-11-19 23:24:22', '2020-11-19 23:24:22'),
(42, '38*-RTT', 'Regular Small', '13.00', '10.00', '14.50', 'Piso + sekat', '2020-11-19 23:24:22', '2020-11-19 23:24:22'),
(43, '39-CB', 'Cake Box', '27.00', '27.00', '15.00', '-', '2020-11-19 23:24:22', '2020-11-19 23:24:22'),
(44, '40-CB', 'Cake Box', '28.30', '28.30', '17.00', '-', '2020-11-19 23:24:22', '2020-11-19 23:24:22'),
(45, '41-CB', 'Cake Box', '25.00', '25.00', '13.00', '-', '2020-11-19 23:24:22', '2020-11-19 23:24:22'),
(46, '42-TT', 'Tuck Top', '29.00', '19.50', '10.00', '-', '2020-11-19 23:24:22', '2020-11-19 23:24:22'),
(47, '43-E*', 'E-Mailer', '21.50', '21.50', '7.00', 'Mika 16 x 16 + Bukaan depan', '2020-11-19 23:24:22', '2020-11-19 23:24:22'),
(48, '44-E', 'E-Mailer', '23.00', '11.00', '5.50', '-', '2020-11-19 23:24:22', '2020-11-19 23:24:22'),
(49, '45-E', 'E-Mailer', '38.00', '25.00', '4.00', '-', '2020-11-19 23:24:22', '2020-11-19 23:24:22'),
(50, '46-E', 'E-Mailer', '23.00', '23.00', '5.50', '-', '2020-11-19 23:24:22', '2020-11-19 23:24:22'),
(51, '47-E', 'E-Mailer', '23.50', '19.50', '7.00', '-', '2020-11-19 23:24:22', '2020-11-19 23:24:22'),
(52, '48-E', 'E-Mailer', '30.00', '26.00', '10.00', '-', '2020-11-19 23:24:22', '2020-11-19 23:24:22'),
(53, '49-E', 'E-Mailer', '15.00', '9.50', '5.50', '-', '2020-11-19 23:24:22', '2020-11-19 23:24:22'),
(54, '50-E', 'E-Mailer', '12.50', '23.50', '5.50', '-', '2020-11-19 23:24:22', '2020-11-19 23:24:22'),
(55, '51-E', 'E-Mailer', '31.50', '21.50', '8.30', '-', '2020-11-19 23:24:22', '2020-11-19 23:24:22'),
(56, '52-E', 'E-Mailer', '23.00', '23.00', '8.00', 'uk Papan', '2020-11-19 23:24:22', '2020-11-19 23:24:22'),
(57, '53-E*', 'E-Mailer', '24.00', '24.00', '5.00', 'Mika 18.5 x 18.5', '2020-11-19 23:24:22', '2020-11-19 23:24:22'),
(58, '54-E', 'E-Mailer', '20.00', '10.00', '5.00', '-', '2020-11-19 23:24:22', '2020-11-19 23:24:22'),
(59, '55-E', 'E-Mailer', '25.50', '17.00', '3.00', '-', '2020-11-19 23:24:22', '2020-11-19 23:24:22'),
(60, '56-E', 'E-Mailer', '29.00', '22.00', '6.00', '-', '2020-11-19 23:24:22', '2020-11-19 23:24:22'),
(61, '57-E', 'E-Mailer', '25.00', '25.00', '4.00', '-', '2020-11-19 23:24:22', '2020-11-19 23:24:22'),
(62, '58-E', 'E-Mailer', '32.00', '18.00', '5.00', '-', '2020-11-19 23:24:22', '2020-11-19 23:24:22'),
(63, '59-E', 'E-Mailer', '26.00', '19.00', '5.00', '-', '2020-11-19 23:24:22', '2020-11-19 23:24:22'),
(64, '60-E*', 'E-Mailer', '23.00', '15.00', '8.00', 'Mika 20 x 11.5', '2020-11-19 23:24:22', '2020-11-19 23:24:22'),
(65, '61-E', 'E-Mailer', '26.00', '26.00', '10.00', '-', '2020-11-19 23:24:22', '2020-11-19 23:24:22'),
(66, '62-E', 'E-Mailer', '20.00', '15.00', '5.00', '-', '2020-11-19 23:24:22', '2020-11-19 23:24:22'),
(67, '63-E', 'E-Mailer', '30.00', '20.00', '7.00', '-', '2020-11-19 23:24:22', '2020-11-19 23:24:22'),
(68, '64-E', 'E-Mailer', '24.50', '16.70', '8.00', '-', '2020-11-19 23:24:22', '2020-11-19 23:24:22'),
(69, '65-E*', 'E-Mailer', '16.00', '16.00', '9.00', 'Buka Depan (bisa copot)', '2020-11-19 23:24:22', '2020-11-19 23:24:22'),
(70, '66-E', 'E-Mailer', '32.50', '21.50', '11.50', '-', '2020-11-19 23:24:22', '2020-11-19 23:24:22'),
(71, '67-E', 'E-Mailer', '33.50', '27.00', '6.00', '-', '2020-11-19 23:24:22', '2020-11-19 23:24:22'),
(72, '68-E', 'E-Mailer', '30.00', '30.00', '5.00', '-', '2020-11-19 23:24:22', '2020-11-19 23:24:22'),
(73, '69-E*', 'E-Mailer', '33.50', '21.50', '11.50', 'Potong Depan', '2020-11-19 23:24:22', '2020-11-19 23:24:22'),
(74, '70-HB', 'Handle Box', '14.00', '11.00', '20.00', 'Tinggi Handle 4.5', '2020-11-19 23:24:22', '2020-11-19 23:24:22'),
(75, '71-HB', 'Handle Box', '13.00', '13.00', '25.00', 'Tinggi Handle 5.5 & Mika 12 x 10', '2020-11-19 23:24:22', '2020-11-19 23:24:22'),
(76, '72-HB', 'Handle Box', '23.00', '12.00', '11.00', 'Tinggi Handle 5.5', '2020-11-19 23:24:22', '2020-11-19 23:24:22'),
(77, '73-HB', 'Handle Box', '16.00', '16.00', '17.50', 'Tinggi Handle 5.5', '2020-11-19 23:24:22', '2020-11-19 23:24:22'),
(78, '74-HB', 'Handle Box', '18.00', '14.00', '20.00', 'Tinggi Handle 5.5', '2020-11-19 23:24:22', '2020-11-19 23:24:22'),
(79, '75-HB', 'Handle Box', '25.00', '14.00', '20.00', 'Tinggi Handle 5.5', '2020-11-19 23:24:22', '2020-11-19 23:24:22'),
(80, '76-E', 'E-Mailer', '49.00', '35.00', '5.00', '-', '2020-11-19 23:24:22', '2020-11-19 23:24:22'),
(81, '77-SL/A', 'Slide Box', '29.00', '29.10', '6.00', '-', '2020-11-19 23:24:22', '2020-11-19 23:24:22'),
(82, '77-SL/B', 'Slide Box', '28.00', '28.00', '5.00', '-', '2020-11-19 23:24:22', '2020-11-19 23:24:22'),
(83, '78-E', 'E-Mailer', '29.50', '18.50', '10.50', 'Tasya', '2020-11-19 23:24:22', '2020-11-19 23:24:22'),
(84, '79-E', 'E-Mailer', '34.10', '25.10', '8.00', 'Mika', '2020-11-19 23:24:22', '2020-11-19 23:24:22'),
(85, '80-E', 'E-Mailer', '30.00', '20.00', '10.00', 'Lubang Depan + 2 lubang bulat', '2020-11-19 23:24:22', '2020-11-19 23:24:22'),
(86, '81-CB', 'Cake Box', '25.50', '25.50', '15.30', 'Legend', '2020-11-19 23:24:22', '2020-11-19 23:24:22'),
(87, '82-E', 'E-Mailer', '31.50', '17.00', '8.50', '-', '2020-11-19 23:24:22', '2020-11-19 23:24:22'),
(88, '83-E', 'E-Mailer', '30.50', '21.50', '7.50', 'Eco Pack', '2020-11-19 23:24:22', '2020-11-19 23:24:22'),
(89, '84-E', 'E-Mailer', '18.20', '13.00', '6.30', 'Winda Hadi / Buka Depan', '2020-11-19 23:24:22', '2020-11-19 23:24:22'),
(90, '85-E', 'E-Mailer', '16.50', '16.50', '6.50', '-', '2020-11-19 23:24:22', '2020-11-19 23:24:22'),
(91, '86-E', 'E-Mailer', '30.50', '15.50', '6.50', 'Ghifari', '2020-11-19 23:24:22', '2020-11-19 23:24:22'),
(92, '87-E', 'E-Mailer', '21.50', '15.50', '7.50', 'Alifia Soraya', '2020-11-19 23:24:22', '2020-11-19 23:24:22'),
(93, '88-E', 'E-Mailer', '24.50', '24.50', '4.50', '-', '2020-11-19 23:24:22', '2020-11-19 23:24:22'),
(94, '89-E', 'E-Mailer', '17.50', '13.50', '7.50', 'Polla', '2020-11-19 23:24:22', '2020-11-19 23:24:22'),
(95, '90-E', 'E-Mailer', '22.50', '12.50', '8.00', '-', '2020-11-19 23:24:22', '2020-11-19 23:24:22'),
(96, '91-E', 'E-Mailer', '28.50', '28.50', '8.50', '-', '2020-11-19 23:24:22', '2020-11-19 23:24:22'),
(97, '92-E', 'E-Mailer', '38.00', '15.50', '8.00', 'Amanda Yudhi', '2020-11-19 23:24:22', '2020-11-19 23:24:22'),
(98, '93-E', 'E-Mailer', '21.00', '12.00', '8.00', 'Frans', '2020-11-19 23:24:22', '2020-11-19 23:24:22'),
(99, '94-E', 'E-Mailer', '29.00', '33.00', '4.50', 'Ivan', '2020-11-19 23:24:22', '2020-11-19 23:24:22'),
(100, '95-E', 'E-Mailer', '20.00', '10.50', '9.50', '-', '2020-11-19 23:24:22', '2020-11-19 23:24:22'),
(101, '96-E', 'E-Mailer', '15.50', '15.50', '10.50', '-', '2020-11-19 23:24:22', '2020-11-19 23:24:22'),
(102, '97-E', 'E-Mailer', '32.00', '19.50', '12.00', 'Wesley Huang', '2020-11-19 23:24:22', '2020-11-19 23:24:22'),
(103, '98-E', 'E-Mailer', '35.50', '18.50', '12.50', 'Amelita', '2020-11-19 23:24:22', '2020-11-19 23:24:22'),
(104, '99-E', 'E-Mailer', '30.50', '13.50', '4.50', '-', '2020-11-19 23:24:22', '2020-11-19 23:24:22'),
(105, '100-E', 'E-Mailer', '40.50', '32.50', '5.50', 'Rhesabeta', '2020-11-19 23:24:22', '2020-11-19 23:24:22'),
(106, '101-E', 'E-Mailer', '26.50', '20.50', '7.50', 'Felicia', '2020-11-19 23:24:22', '2020-11-19 23:24:22'),
(107, '102-E', 'E-Mailer', '30.50', '21.00', '8.50', 'Yurike', '2020-11-19 23:24:22', '2020-11-19 23:24:22'),
(108, '103-E', 'E-Mailer', '30.50', '23.50', '7.00', '-', '2020-11-19 23:24:22', '2020-11-19 23:24:22'),
(109, '104-E', 'E-Mailer', '16.50', '14.50', '6.50', 'Michalla', '2020-11-19 23:24:22', '2020-11-19 23:24:22'),
(110, '105-E', 'E-Mailer', '15.50', '10.50', '5.50', '-', '2020-11-19 23:24:22', '2020-11-19 23:24:22'),
(111, '106-E', 'E-Mailer', '10.50', '15.50', '4.00', 'Faizal', '2020-11-19 23:24:22', '2020-11-19 23:24:22'),
(112, '107-E', 'E-Mailer', '12.50', '15.00', '6.00', 'Elshe Skin', '2020-11-19 23:24:22', '2020-11-19 23:24:22'),
(113, '108-E', 'E-Mailer', '24.00', '19.00', '9.00', 'Khati Faramita', '2020-11-19 23:24:22', '2020-11-19 23:24:22'),
(114, '109-E', 'E-Mailer', '25.50', '25.50', '5.50', 'Raffli', '2020-11-19 23:24:22', '2020-11-19 23:24:22'),
(115, '110-E', 'E-Mailer', '24.50', '17.00', '10.50', '-', '2020-11-19 23:24:22', '2020-11-19 23:24:22'),
(116, '111-E', 'E-Mailer', '36.50', '29.50', '5.50', 'Natalia', '2020-11-19 23:24:22', '2020-11-19 23:24:22'),
(117, '112-E', 'E-Mailer', '29.00', '25.00', '10.00', 'Daisy Dare', '2020-11-19 23:24:22', '2020-11-19 23:24:22'),
(118, '113-E', 'E-Mailer', '25.30', '12.90', '16.00', '-', '2020-11-19 23:24:22', '2020-11-19 23:24:22'),
(119, '114-E', 'E-Mailer', '21.00', '15.00', '9.50', '-', '2020-11-19 23:24:22', '2020-11-19 23:24:22'),
(120, '115-E', 'E-Mailer', '28.00', '15.00', '10.00', '-', '2020-11-19 23:24:22', '2020-11-19 23:24:22'),
(121, '116-E', 'E-Mailer', '22.00', '27.00', '8.50', '-', '2020-11-19 23:24:22', '2020-11-19 23:24:22'),
(122, '117-E', 'E-Mailer', '21.50', '21.50', '11.50', '-', '2020-11-19 23:24:22', '2020-11-19 23:24:22'),
(123, '118-E', 'E-Mailer', '32.50', '22.50', '9.50', '-', '2020-11-19 23:24:22', '2020-11-19 23:24:22'),
(124, '119-E', 'E-Mailer', '35.50', '25.50', '6.50', '-', '2020-11-19 23:24:22', '2020-11-19 23:24:22'),
(125, '120-E', 'E-Mailer', '35.50', '27.50', '7.50', '-', '2020-11-19 23:24:22', '2020-11-19 23:24:22'),
(126, '121-E', 'E-Mailer', '25.50', '25.50', '11.50', '-', '2020-11-19 23:24:22', '2020-11-19 23:24:22'),
(127, '122-E', 'E-Mailer', '47.50', '35.50', '3.50', 'Sofianto', '2020-11-19 23:24:22', '2020-11-19 23:24:22'),
(128, '123-E', 'E-Mailer', '27.50', '27.50', '8.50', 'Orchita', '2020-11-19 23:24:22', '2020-11-19 23:24:22'),
(129, '124-E', 'E-Mailer', '18.50', '18.50', '10.50', 'Calista Marvela', '2020-11-19 23:24:22', '2020-11-19 23:24:22'),
(130, '125-E', 'E-Mailer', '30.50', '18.50', '10.00', '-', '2020-11-19 23:24:22', '2020-11-19 23:24:22'),
(131, '126-E', 'E-Mailer', '30.50', '25.50', '6.50', '-', '2020-11-19 23:24:22', '2020-11-19 23:24:22'),
(132, '127-E', 'E-Mailer', '28.50', '14.50', '10.00', 'Hendro', '2020-11-19 23:24:22', '2020-11-19 23:24:22'),
(133, '128-E', 'E-Mailer', '19.50', '16.50', '8.50', '-', '2020-11-19 23:24:22', '2020-11-19 23:24:22'),
(134, '129-E', 'E-Mailer', '28.00', '22.00', '6.00', 'Tias', '2020-11-19 23:24:22', '2020-11-19 23:24:22'),
(135, '130-E', 'E-Mailer', '34.50', '18.50', '5.50', 'Felita', '2020-11-19 23:24:22', '2020-11-19 23:24:22'),
(136, '131-E', 'E-Mailer', '21.40', '15.00', '7.50', 'It\'s My Bose', '2020-11-19 23:24:22', '2020-11-19 23:24:22'),
(137, '132-E', 'E-Mailer', '14.60', '7.80', '10.00', 'Asoka', '2020-11-19 23:24:22', '2020-11-19 23:24:22'),
(138, '133-E', 'E-Mailer', '27.50', '19.00', '6.00', 'Anne Kitchen', '2020-11-19 23:24:22', '2020-11-19 23:24:22'),
(139, '134-E', 'E-Mailer', '17.50', '17.50', '8.50', 'Brenda', '2020-11-19 23:24:22', '2020-11-19 23:24:22'),
(140, '135-E', 'E-Mailer', '23.50', '16.00', '7.00', 'Tias', '2020-11-19 23:24:22', '2020-11-19 23:24:22'),
(141, '136-E', 'E-Mailer', '27.00', '21.00', '4.50', 'Rosmieni', '2020-11-19 23:24:22', '2020-11-19 23:24:22'),
(142, '137-E', 'E-Mailer', '32.50', '11.50', '5.50', 'Amelia Rosari', '2020-11-19 23:24:22', '2020-11-19 23:24:22'),
(143, '138-E', 'E-Mailer', '30.50', '15.50', '5.50', 'Kristina', '2020-11-19 23:24:22', '2020-11-19 23:24:22'),
(144, '139-E', 'E-Mailer', '23.40', '14.50', '7.20', 'Quickly', '2020-11-19 23:24:22', '2020-11-19 23:24:22'),
(145, '140-E', 'E-Mailer', '26.50', '22.50', '4.50', 'Weniy', '2020-11-19 23:24:22', '2020-11-19 23:24:22'),
(146, '141-E', 'E-Mailer', '30.50', '20.50', '5.50', '-', '2020-11-19 23:24:22', '2020-11-19 23:24:22'),
(147, '142-E', 'E-Mailer', '22.00', '22.00', '10.00', '-', '2020-11-19 23:24:22', '2020-11-19 23:24:22'),
(148, '143-E', 'E-Mailer', '24.00', '29.00', '5.00', '-', '2020-11-19 23:24:22', '2020-11-19 23:24:22'),
(149, '144-E', 'E-Mailer', '15.50', '15.50', '6.50', '-', '2020-11-19 23:24:22', '2020-11-19 23:24:22'),
(150, '145-E', 'E-Mailer', '27.00', '13.00', '9.00', '-', '2020-11-19 23:24:22', '2020-11-19 23:24:22'),
(151, '146-E', 'E-Mailer', '30.00', '17.00', '5.50', '-', '2020-11-19 23:24:22', '2020-11-19 23:24:22'),
(152, '147-E', 'E-Mailer', '28.50', '24.50', '8.50', '-', '2020-11-19 23:24:22', '2020-11-19 23:24:22'),
(153, '148-BC/GRIL', 'Pizza Box', '29.00', '15.00', '7.00', '-', '2020-11-19 23:24:22', '2020-11-19 23:24:22'),
(154, '149-E', 'E-Mailer', '13.50', '13.50', '6.50', '(+)Mika', '2020-11-19 23:24:22', '2020-11-19 23:24:22'),
(155, '150-TB/A', 'Top Bottom', '26.00', '26.00', '5.00', '-', '2020-11-19 23:24:22', '2020-11-19 23:24:22'),
(156, '151-TB/B', 'Top Bottom', '25.00', '25.00', '25.00', '-', '2020-11-19 23:24:22', '2020-11-19 23:24:22'),
(157, '152-E', 'E-Mailer', '22.50', '15.50', '6.50', '-', '2020-11-19 23:24:22', '2020-11-19 23:24:22'),
(158, '153-TB/A', 'Top Bottom', '25.50', '25.50', '10.30', '-', '2020-11-19 23:24:22', '2020-11-19 23:24:22'),
(159, '154-TB/B', 'Top Bottom', '26.60', '26.10', '5.30', '-', '2020-11-19 23:24:22', '2020-11-19 23:24:22'),
(160, '155-TB/A', 'Top Bottom', '23.50', '26.50', '18.30', '-', '2020-11-19 23:24:22', '2020-11-19 23:24:22'),
(161, '156-TB/B', 'Top Bottom', '24.60', '27.10', '6.30', '-', '2020-11-19 23:24:22', '2020-11-19 23:24:22'),
(162, '157-SL/A', 'Slide Box', '18.50', '31.00', '10.30', '-', '2020-11-19 23:24:22', '2020-11-19 23:24:22'),
(163, '158-SL/B', 'Slide Box', '19.30', '31.10', '11.00', '-', '2020-11-19 23:24:22', '2020-11-19 23:24:22'),
(164, '159-TB/A', 'Top Bottom', '35.50', '30.50', '8.30', '-', '2020-11-19 23:24:22', '2020-11-19 23:24:22'),
(165, '160-TB/B', 'Top Bottom', '36.60', '31.10', '5.30', '-', '2020-11-19 23:24:22', '2020-11-19 23:24:22'),
(166, '161-TB/A', 'Top Bottom', '23.70', '23.70', '7.50', '-', '2020-11-19 23:24:22', '2020-11-19 23:24:22'),
(167, '162-TB/B', 'Top Bottom', '23.50', '23.50', '7.50', '-', '2020-11-19 23:24:22', '2020-11-19 23:24:22'),
(168, '163-HB', 'Handle Box', '15.70', '9.00', '17.40', '-', '2020-11-19 23:24:22', '2020-11-19 23:24:22'),
(169, '164-TB/A', 'Top Bottom', '25.70', '15.90', '7.30', '-', '2020-11-19 23:24:22', '2020-11-19 23:24:22'),
(170, '165-TB/B', 'Top Bottom', '25.50', '15.70', '7.30', '-', '2020-11-19 23:24:22', '2020-11-19 23:24:22'),
(171, '166-SL/A+B', 'Slide Box', '21.00', '10.50', '9.50', '-', '2020-11-19 23:24:22', '2020-11-19 23:24:22'),
(172, '167-E', 'E-Mailer', '36.50', '31.50', '16.50', '-', '2020-11-19 23:24:22', '2020-11-19 23:24:22'),
(173, '168-HB', 'Handle Box', '24.10', '12.50', '11.50', '-', '2020-11-19 23:24:22', '2020-11-19 23:24:22'),
(174, '169-CB', 'Cake Box', '20.50', '20.50', '15.50', '-', '2020-11-19 23:24:22', '2020-11-19 23:24:22'),
(175, '170-TB/A', 'Top Bottom', '28.50', '16.50', '10.30', '-', '2020-11-19 23:24:22', '2020-11-19 23:24:22'),
(176, '171-TB/B', 'Top Bottom', '29.60', '17.10', '5.30', '-', '2020-11-19 23:24:22', '2020-11-19 23:24:22'),
(177, '172-E', 'E-Mailer', '17.50', '10.50', '6.50', '-', '2020-11-19 23:24:22', '2020-11-19 23:24:22'),
(178, '173-E', 'E-Mailer', '10.00', '7.00', '4.00', '-', '2020-11-19 23:24:22', '2020-11-19 23:24:22'),
(179, '174-E', 'E-Mailer', '17.00', '9.50', '3.50', '-', '2020-11-19 23:24:22', '2020-11-19 23:24:22'),
(180, '175-E', 'E-Mailer', '11.00', '11.00', '3.50', '-', '2020-11-19 23:24:22', '2020-11-19 23:24:22'),
(181, '176-E', 'E-Mailer', '17.50', '9.50', '7.00', '-', '2020-11-19 23:24:22', '2020-11-19 23:24:22'),
(182, '177-E', 'E-Mailer', '9.50', '8.50', '4.00', '-', '2020-11-19 23:24:22', '2020-11-19 23:24:22'),
(183, '178-E', 'E-Mailer', '10.50', '5.50', '5.50', '-', '2020-11-19 23:24:22', '2020-11-19 23:24:22'),
(184, '179-E', 'E-Mailer', '10.50', '12.50', '4.50', '-', '2020-11-19 23:24:22', '2020-11-19 23:24:22'),
(185, '180-E', 'E-Mailer', '22.50', '22.50', '3.50', '-', '2020-11-19 23:24:22', '2020-11-19 23:24:22'),
(186, '181-TB/A', 'Top Bottom', '26.60', '33.60', '5.20', '-', '2020-11-19 23:24:22', '2020-11-19 23:24:22'),
(187, '182TB/B', 'Top Bottom', '25.50', '33.00', '5.20', '-', '2020-11-19 23:24:22', '2020-11-19 23:24:22'),
(188, '183-E', 'E-Mailer', '20.70', '10.70', '4.70', '-', '2020-11-19 23:24:22', '2020-11-19 23:24:22'),
(189, '184-E', 'E-Mailer', '17.50', '10.50', '5.50', '-', '2020-11-19 23:24:22', '2020-11-19 23:24:22'),
(190, '185-E', 'E-Mailer', '17.50', '10.50', '6.50', '-', '2020-11-19 23:24:22', '2020-11-19 23:24:22'),
(191, '186-TB/A', 'Top Bottom', '12.50', '24.50', '5.30', '-', '2020-11-19 23:24:22', '2020-11-19 23:24:22'),
(192, '187-TB/B', 'Top Bottom', '25.00', '13.50', '5.30', '-', '2020-11-19 23:24:22', '2020-11-19 23:24:22'),
(193, '188-SL/A+B', 'Slide Box', '15.50', '28.00', '7.30', '-', '2020-11-19 23:24:22', '2020-11-19 23:24:22'),
(194, '189-TB/A', 'Top Bottom', '34.50', '29.00', '6.30', '-', '2020-11-19 23:24:22', '2020-11-19 23:24:22'),
(195, '190-TB/B', 'Top Bottom', '35.60', '29.60', '4.30', '-', '2020-11-19 23:24:22', '2020-11-19 23:24:22'),
(196, '191-E', 'E-Mailer', '25.50', '25.50', '5.50', '-', '2020-11-19 23:24:22', '2020-11-19 23:24:22'),
(197, '192-E', 'E-Mailer', '21.00', '16.00', '6.50', '-', '2020-11-19 23:24:22', '2020-11-19 23:24:22'),
(198, '193-E', 'E-Mailer', '24.00', '30.00', '5.00', '-', '2020-11-19 23:24:22', '2020-11-19 23:24:22'),
(199, '194-E', 'E-Mailer', '24.20', '14.50', '7.40', '-', '2020-11-19 23:24:22', '2020-11-19 23:24:22'),
(200, '195-E', 'E-Mailer', '29.00', '22.50', '4.50', '-', '2020-11-19 23:24:22', '2020-11-19 23:24:22'),
(201, '196-E', 'E-Mailer', '28.50', '23.50', '10.00', '-', '2020-11-19 23:24:22', '2020-11-19 23:24:22'),
(202, '197-HB', 'Handle Box', '10.50', '10.50', '35.50', '-', '2020-11-19 23:24:22', '2020-11-19 23:24:22'),
(203, '198-RTT', 'Regular Small', '19.00', '10.60', '1.70', 'AURA SHIED', '2020-11-19 23:24:22', '2020-11-19 23:24:22'),
(204, '199-RTT', 'Regular Small', '17.00', '7.20', '2.30', 'AURA SHIED', '2020-11-19 23:24:22', '2020-11-19 23:24:22'),
(205, '200-E', 'E-Mailer', '18.00', '18.00', '4.00', '-', '2020-11-19 23:24:22', '2020-11-19 23:24:22'),
(206, '201-E', 'E-Mailer', '18.00', '18.00', '13.00', '-', '2020-11-19 23:24:22', '2020-11-19 23:24:22'),
(207, '202-E', 'E-Mailer', '14.50', '16.00', '6.00', '-', '2020-11-19 23:24:22', '2020-11-19 23:24:22'),
(208, '203-E', 'E-Mailer', '33.00', '8.50', '5.00', '-', '2020-11-19 23:24:22', '2020-11-19 23:24:22'),
(209, '204-E', 'E-Mailer', '28.00', '14.00', '9.00', '-', '2020-11-19 23:24:22', '2020-11-19 23:24:22'),
(210, '206-E', 'E-Mailer', '21.00', '21.00', '9.00', '-', '2020-11-19 23:24:22', '2020-11-19 23:24:22'),
(211, '208-E', 'E-Mailer', '29.00', '14.00', '8.00', '-', '2020-11-19 23:24:22', '2020-11-19 23:24:22'),
(212, '209-E', 'E-Mailer', '30.00', '25.00', '6.00', '-', '2020-11-19 23:24:22', '2020-11-19 23:24:22'),
(213, '210-E', 'E-Mailer', '28.00', '24.00', '8.00', '-', '2020-11-19 23:24:22', '2020-11-19 23:24:22'),
(214, '211-E', 'E-Mailer', '21.00', '15.00', '5.00', '-', '2020-11-19 23:24:22', '2020-11-19 23:24:22'),
(215, '212-E', 'E-Mailer', '20.00', '11.50', '7.50', '-', '2020-11-19 23:24:22', '2020-11-19 23:24:22'),
(216, '213-E', 'E-Mailer', '28.00', '28.00', '8.00', '-', '2020-11-19 23:24:22', '2020-11-19 23:24:22'),
(217, '214-E', 'E-Mailer', '22.00', '12.00', '7.50', '-', '2020-11-19 23:24:22', '2020-11-19 23:24:22'),
(218, '215-E*', 'E-Mailer', '35.00', '25.00', '8.00', 'Mika Bagian Atas Box', '2020-11-19 23:24:22', '2020-11-19 23:24:22'),
(219, '219-E', 'E-Mailer', '24.50', '33.70', '3.00', '-', '2020-11-19 23:24:22', '2020-11-19 23:24:22'),
(220, '220-E', 'E-Mailer', '24.50', '33.70', '5.50', '-', '2020-11-19 23:24:22', '2020-11-19 23:24:22'),
(221, '223-E', 'E-Mailer', '17.50', '17.50', '6.00', '-', '2020-11-19 23:24:22', '2020-11-19 23:24:22'),
(222, '224-E', 'E-Mailer', '23.00', '20.00', '6.00', '-', '2020-11-19 23:24:22', '2020-11-19 23:24:22'),
(223, '225-E', 'E-Mailer', '22.00', '22.00', '12.00', '-', '2020-11-19 23:24:22', '2020-11-19 23:24:22'),
(224, '230-E*', 'E-Mailer', '28.00', '19.00', '6.00', 'Mika bagian atas', '2020-11-19 23:24:22', '2020-11-19 23:24:22'),
(225, '234-E', 'E-Mailer', '30.00', '10.00', '6.00', '-', '2020-11-19 23:24:22', '2020-11-19 23:24:22'),
(226, '235-E', 'E-Mailer', '20.00', '10.00', '6.00', '-', '2020-11-19 23:24:22', '2020-11-19 23:24:22'),
(227, '236-E', 'E-Mailer', '25.00', '17.00', '8.00', '-', '2020-11-19 23:24:22', '2020-11-19 23:24:22'),
(228, '237-E', 'E-Mailer', '13.97', '10.16', '6.35', '-', '2020-11-19 23:24:22', '2020-11-19 23:24:22'),
(229, '238-E', 'E-Mailer', '25.40', '12.70', '6.35', '-', '2020-11-19 23:24:22', '2020-11-19 23:24:22'),
(230, '239-E', 'E-Mailer', '25.00', '23.00', '5.50', '-', '2020-11-19 23:24:22', '2020-11-19 23:24:22'),
(231, '240-E', 'E-Mailer', '19.50', '10.00', '9.00', '-', '2020-11-19 23:24:22', '2020-11-19 23:24:22'),
(232, '242-E', 'E-Mailer', '31.00', '22.00', '7.20', '-', '2020-11-19 23:24:22', '2020-11-19 23:24:22'),
(233, '243-E', 'E-Mailer', '28.00', '20.00', '4.00', '-', '2020-11-19 23:24:22', '2020-11-19 23:24:22'),
(234, '244-E', 'E-Mailer', '25.00', '16.00', '7.00', '-', '2020-11-19 23:24:22', '2020-11-19 23:24:22'),
(235, '245-E*', 'E-Mailer', '25.00', '20.00', '5.00', 'Mika bagian atas uk 20x12cm', '2020-11-19 23:24:22', '2020-11-19 23:24:22'),
(236, '246-E', 'E-Mailer', '24.50', '13.00', '6.00', '-', '2020-11-19 23:24:22', '2020-11-19 23:24:22'),
(237, '262-E', 'E-Mailer', '20.00', '15.00', '8.00', '-', '2020-11-19 23:24:22', '2020-11-19 23:24:22'),
(238, '249-E', 'E-Mailer', '30.00', '25.00', '6.00', '-', '2020-11-19 23:24:22', '2020-11-19 23:24:22'),
(239, '250-E', 'E-Mailer', '21.00', '10.00', '10.00', '-', '2020-11-19 23:24:22', '2020-11-19 23:24:22'),
(240, '251-E', 'E-Mailer', '21.00', '20.00', '10.00', '-', '2020-11-19 23:24:22', '2020-11-19 23:24:22'),
(241, '252-E', 'E-Mailer', '18.00', '16.50', '3.50', '-', '2020-11-19 23:24:22', '2020-11-19 23:24:22'),
(242, '253-E', 'E-Mailer', '15.00', '8.00', '10.00', '-', '2020-11-19 23:24:22', '2020-11-19 23:24:22'),
(243, '254-E', 'E-Mailer', '22.00', '11.00', '5.00', '-', '2020-11-19 23:24:22', '2020-11-19 23:24:22'),
(244, '255-E', 'E-Mailer', '20.00', '20.00', '12.00', '-', '2020-11-19 23:24:22', '2020-11-19 23:24:22'),
(245, '257-E', 'E-Mailer', '10.80', '30.50', '5.00', '(+)Sekat T:2.5', '2020-11-19 23:24:22', '2020-11-19 23:24:22'),
(246, '695-E', 'E-Mailer', '20.00', '20.00', '7.00', '-', '2020-11-19 23:24:22', '2020-11-19 23:24:22'),
(247, '263-E', 'E-Mailer', '28.50', '32.50', '4.00', '-', '2020-11-19 23:24:22', '2020-11-19 23:24:22'),
(248, '268-E', 'E-Mailer', '32.50', '16.00', '11.00', 'Sekat Isi 3 (T:4 cm)', '2020-11-19 23:24:22', '2020-11-19 23:24:22'),
(249, '269-E*', 'E-Mailer', '20.50', '15.90', '3.00', 'MIKA uk 12x11', '2020-11-19 23:24:22', '2020-11-19 23:24:22'),
(250, '270-SL A-B', 'Slide Box', '16.00', '30.50', '5.50', '-', '2020-11-19 23:24:22', '2020-11-19 23:24:22'),
(251, '271-E', 'E-Mailer', '20.00', '20.00', '8.00', '-', '2020-11-19 23:24:22', '2020-11-19 23:24:22'),
(252, '272-E', 'E-Mailer', '35.00', '25.00', '8.00', '-', '2020-11-19 23:24:22', '2020-11-19 23:24:22'),
(253, '273-TB A-B', 'Top Bottom', '12.00', '12.00', '12.00', '-', '2020-11-19 23:24:22', '2020-11-19 23:24:22'),
(254, '274-E', 'E-Mailer', '23.00', '12.00', '10.00', '-', '2020-11-19 23:24:22', '2020-11-19 23:24:22'),
(255, '275-HB', 'Handle Box', '24.00', '13.00', '15.00', '-', '2020-11-19 23:24:22', '2020-11-19 23:24:22'),
(256, '276-E', 'E-Mailer', '25.50', '15.50', '6.00', '-', '2020-11-19 23:24:22', '2020-11-19 23:24:22'),
(257, '277-E', 'E-Mailer', '19.00', '19.00', '5.20', '-', '2020-11-19 23:24:22', '2020-11-19 23:24:22'),
(258, '278-HB', 'Handle Box', '26.00', '26.00', '17.00', '-', '2020-11-19 23:24:22', '2020-11-19 23:24:22'),
(259, '279-E', 'E-Mailer', '25.00', '25.00', '9.00', '-', '2020-11-19 23:24:22', '2020-11-19 23:24:22'),
(260, '280-E*', 'E-Mailer', '16.00', '10.00', '6.00', 'Mika uk 11x4.5 cm', '2020-11-19 23:24:22', '2020-11-19 23:24:22'),
(261, '281-HB*', 'Handle Box', '16.50', '11.00', '14.50', 'Lubang bagian depan box dan Mika', '2020-11-19 23:24:22', '2020-11-19 23:24:22'),
(262, '282-E', 'E-Mailer', '22.50', '21.50', '6.00', '-', '2020-11-19 23:24:22', '2020-11-19 23:24:22'),
(263, '283-E*', 'E-Mailer', '21.00', '9.50', '9.50', 'Bukaan Depan', '2020-11-19 23:24:22', '2020-11-19 23:24:22'),
(264, '284-HB', 'Handle Box', '17.00', '9.00', '18.00', '-', '2020-11-19 23:24:22', '2020-11-19 23:24:22'),
(265, '285-HB', 'Handle Box', '30.00', '15.00', '14.50', '-', '2020-11-19 23:24:22', '2020-11-19 23:24:22'),
(266, '286-E', 'E-Mailer', '15.00', '15.00', '10.00', '-', '2020-11-19 23:24:22', '2020-11-19 23:24:22'),
(267, '287-E', 'E-Mailer', '25.00', '30.00', '5.00', '-', '2020-11-19 23:24:22', '2020-11-19 23:24:22'),
(268, '288-E', 'E-Mailer', '31.00', '22.00', '8.00', '-', '2020-11-19 23:24:22', '2020-11-19 23:24:22'),
(269, '289-E', 'E-Mailer', '16.97', '10.16', '7.35', '-', '2020-11-19 23:24:22', '2020-11-19 23:24:22'),
(270, '290-E', 'E-Mailer', '30.00', '22.00', '15.00', '-', '2020-11-19 23:24:22', '2020-11-19 23:24:22'),
(271, '291-CB*', 'Cake Box', '50.00', '28.00', '8.00', 'Mika Design DIKITA', '2020-11-19 23:24:22', '2020-11-19 23:24:22'),
(272, '292-E', 'E-Mailer', '22.00', '13.00', '6.00', '-', '2020-11-19 23:24:22', '2020-11-19 23:24:22'),
(273, '293-HB', 'Handle Box', '22.50', '6.00', '9.50', '-', '2020-11-19 23:24:22', '2020-11-19 23:24:22'),
(274, '294-E', 'E-Mailer', '30.00', '30.00', '8.00', '-', '2020-11-19 23:24:22', '2020-11-19 23:24:22'),
(275, '295-HB', 'Handle Box', '30.00', '10.00', '6.50', '-', '2020-11-19 23:24:22', '2020-11-19 23:24:22'),
(276, '296-TB A-B', 'Top Bottom', '30.00', '30.00', '12.00', '-', '2020-11-19 23:24:22', '2020-11-19 23:24:22'),
(277, '297-TB A-B', 'Top Bottom', '25.00', '25.00', '12.00', '-', '2020-11-19 23:24:22', '2020-11-19 23:24:22'),
(278, '298-E', 'E-Mailer', '26.00', '28.00', '10.50', '-', '2020-11-19 23:24:22', '2020-11-19 23:24:22'),
(279, '299-E', 'E-Mailer', '25.00', '25.00', '8.00', '(+)Mika', '2020-11-19 23:24:22', '2020-11-19 23:24:22'),
(280, '300-SL A-B', 'Slide Box', '14.00', '21.00', '7.00', '-', '2020-11-19 23:24:22', '2020-11-19 23:24:22'),
(281, '301-E', 'E-Mailer', '33.00', '15.00', '6.00', '-', '2020-11-19 23:24:22', '2020-11-19 23:24:22'),
(282, '302-E*', 'E-Mailer', '18.00', '15.00', '3.00', 'Mika bagian atas uk.12x9 (jarak sisi 3cm)', '2020-11-19 23:24:22', '2020-11-19 23:24:22'),
(283, '303-TB A-B*', 'Top Bottom', '26.00', '33.00', '7.00', 'Mika 3 cm', '2020-11-19 23:24:22', '2020-11-19 23:24:22'),
(284, '304-E*', 'E-Mailer', '20.00', '20.00', '8.00', 'Mika 14x10', '2020-11-19 23:24:22', '2020-11-19 23:24:22'),
(285, '305-E*', 'E-Mailer', '44.50', '12.00', '12.00', 'Cuttingan bagian rell', '2020-11-19 23:24:22', '2020-11-19 23:24:22'),
(286, '306-E', 'E-Mailer', '25.00', '22.50', '6.50', '-', '2020-11-19 23:24:22', '2020-11-19 23:24:22'),
(287, '307-HB', 'Handle Box', '15.00', '15.00', '8.50', '-', '2020-11-19 23:24:22', '2020-11-19 23:24:22'),
(288, '308-TT*', 'Tuck Top', '7.50', '3.50', '9.50', 'Bolongin kotak didepan', '2020-11-19 23:24:22', '2020-11-19 23:24:22'),
(289, '309-E', 'E-Mailer', '22.00', '22.00', '9.00', '-', '2020-11-19 23:24:22', '2020-11-19 23:24:22'),
(290, '310-E', 'E-Mailer', '31.00', '22.00', '7.00', '-', '2020-11-19 23:24:22', '2020-11-19 23:24:22'),
(291, '311-E', 'E-Mailer', '26.00', '26.00', '8.00', '-', '2020-11-19 23:24:22', '2020-11-19 23:24:22'),
(292, '312-E', 'E-Mailer', '14.50', '16.00', '6.00', '-', '2020-11-19 23:24:22', '2020-11-19 23:24:22'),
(293, '313-CB', 'Cake Box', '25.00', '25.00', '18.00', '-', '2020-11-19 23:24:22', '2020-11-19 23:24:22'),
(294, '314-E', 'E-Mailer', '22.00', '17.00', '12.00', '-', '2020-11-19 23:24:22', '2020-11-19 23:24:22'),
(295, '315-E', 'E-Mailer', '25.00', '25.00', '15.00', '-', '2020-11-19 23:24:22', '2020-11-19 23:24:22'),
(296, '316-SL/A', 'Slide Box', '12.50', '25.00', '10.00', '-', '2020-11-19 23:24:22', '2020-11-19 23:24:22'),
(297, '317-E', 'E-Mailer', '25.00', '20.00', '13.00', '-', '2020-11-19 23:24:22', '2020-11-19 23:24:22'),
(298, '318-E', 'E-Mailer', '46.00', '36.00', '5.00', '-', '2020-11-19 23:24:22', '2020-11-19 23:24:22'),
(299, '319-E', 'E-Mailer', '20.00', '20.00', '15.00', '-', '2020-11-19 23:24:22', '2020-11-19 23:24:22'),
(300, '320-E*', 'E-Mailer', '25.00', '15.00', '8.00', 'mau ada lubang untuk tali', '2020-11-19 23:24:22', '2020-11-19 23:24:22'),
(301, '321-PB', 'Pizza Box', '25.00', '12.00', '10.00', '-', '2020-11-19 23:24:22', '2020-11-19 23:24:22'),
(302, '322-PB', 'Pizza Box', '22.00', '22.00', '10.00', '-', '2020-11-19 23:24:22', '2020-11-19 23:24:22'),
(303, '323-E', 'E-Mailer', '24.80', '26.20', '5.00', '-', '2020-11-19 23:24:22', '2020-11-19 23:24:22'),
(304, '324-E', 'E-Mailer', '13.20', '13.60', '7.00', '-', '2020-11-19 23:24:22', '2020-11-19 23:24:22'),
(305, '325-E', 'E-Mailer', '20.00', '18.00', '6.00', '-', '2020-11-19 23:24:22', '2020-11-19 23:24:22'),
(306, '326-E', 'E-Mailer', '32.00', '22.00', '8.00', '-', '2020-11-19 23:24:22', '2020-11-19 23:24:22'),
(307, '327-SL A-B', 'Slide Box', '18.00', '30.00', '10.00', '-', '2020-11-19 23:24:22', '2020-11-19 23:24:22'),
(308, '328-CB', 'Cake Box', '25.00', '25.00', '14.00', '-', '2020-11-19 23:24:22', '2020-11-19 23:24:22'),
(309, '329-E', 'E-Mailer', '18.00', '13.00', '13.00', '-', '2020-11-19 23:24:22', '2020-11-19 23:24:22'),
(310, '330-E', 'E-Mailer', '30.00', '23.00', '5.00', '-', '2020-11-19 23:24:22', '2020-11-19 23:24:22'),
(311, '331-TB A-B', 'Top Bottom', '25.00', '25.00', '25.00', '-', '2020-11-19 23:24:22', '2020-11-19 23:24:22'),
(312, '332-TB A-B*', 'Top Bottom', '45.00', '25.00', '10.00', 'Mika. No Hole Double', '2020-11-19 23:24:22', '2020-11-19 23:24:22'),
(313, '333-SL A-B', 'Slide Box', '6.00', '15.00', '3.50', '-', '2020-11-19 23:24:22', '2020-11-19 23:24:22'),
(314, '334-E', 'E-Mailer', '21.00', '21.00', '8.00', '-', '2020-11-19 23:24:22', '2020-11-19 23:24:22'),
(315, '335-E', 'E-Mailer', '18.00', '18.00', '8.00', '-', '2020-11-19 23:24:22', '2020-11-19 23:24:22'),
(316, '336-HB', 'Handle Box', '28.00', '19.00', '15.00', '-', '2020-11-19 23:24:22', '2020-11-19 23:24:22'),
(317, '337-E', 'E-Mailer', '20.50', '10.00', '7.00', '-', '2020-11-19 23:24:22', '2020-11-19 23:24:22'),
(318, '338-TB A-B', 'Top Bottom', '35.00', '35.00', '25.00', '-', '2020-11-19 23:24:22', '2020-11-19 23:24:22'),
(319, '339-TB A-B', 'Top Bottom', '22.00', '22.00', '9.00', '-', '2020-11-19 23:24:22', '2020-11-19 23:24:22'),
(320, '340-E', 'E-Mailer', '22.00', '16.00', '4.50', '-', '2020-11-19 23:24:22', '2020-11-19 23:24:22'),
(321, '341-E', 'E-Mailer', '26.00', '26.00', '7.50', '-', '2020-11-19 23:24:22', '2020-11-19 23:24:22'),
(322, '342-E', 'E-Mailer', '30.00', '10.00', '8.00', '-', '2020-11-19 23:24:22', '2020-11-19 23:24:22'),
(323, '343-E', 'E-Mailer', '13.00', '14.00', '5.00', '-', '2020-11-19 23:24:22', '2020-11-19 23:24:22'),
(324, '344-SL A-B', 'Slide Box', '13.00', '35.00', '11.00', '-', '2020-11-19 23:24:22', '2020-11-19 23:24:22'),
(325, '345-E', 'E-Mailer', '31.00', '21.50', '4.00', '-', '2020-11-19 23:24:22', '2020-11-19 23:24:22'),
(326, '346-E', 'E-Mailer', '25.00', '25.00', '3.00', '-', '2020-11-19 23:24:22', '2020-11-19 23:24:22'),
(327, '347-E', 'E-Mailer', '31.00', '25.50', '9.50', '-', '2020-11-19 23:24:22', '2020-11-19 23:24:22'),
(328, '348-TT', 'Tuck Top', '12.00', '12.00', '15.00', '-', '2020-11-19 23:24:22', '2020-11-19 23:24:22'),
(329, '349-E', 'E-Mailer', '22.00', '15.00', '11.00', '-', '2020-11-19 23:24:22', '2020-11-19 23:24:22'),
(330, '350-E', 'E-Mailer', '25.00', '25.00', '7.50', '-', '2020-11-19 23:24:22', '2020-11-19 23:24:22'),
(331, '351-EC', 'Eco Cake', '23.80', '22.50', '9.40', 'Piso Eflute', '2020-11-19 23:24:22', '2020-11-19 23:24:22'),
(332, '352-EC', 'Eco Cake', '20.00', '19.50', '9.40', 'Piso Eflute', '2020-11-19 23:24:22', '2020-11-19 23:24:22'),
(333, '353-EC', 'Eco Cake', '16.00', '15.00', '9.40', 'Piso Eflute', '2020-11-19 23:24:22', '2020-11-19 23:24:22'),
(334, '354-E*', 'E-Mailer', '26.00', '19.00', '5.00', '-', '2020-11-19 23:24:22', '2020-11-19 23:24:22'),
(335, '355-TB A-B', 'Top Bottom', '27.00', '27.00', '21.00', '-', '2020-11-19 23:24:22', '2020-11-19 23:24:22'),
(336, '356-E', 'E-Mailer', '40.00', '30.00', '8.00', '-', '2020-11-19 23:24:22', '2020-11-19 23:24:22'),
(337, '357-E', 'E-Mailer', '38.00', '22.00', '11.00', '-', '2020-11-19 23:24:22', '2020-11-19 23:24:22'),
(338, '358-E', 'E-Mailer', '20.00', '9.00', '9.00', '-', '2020-11-19 23:24:22', '2020-11-19 23:24:22'),
(339, '359-E', 'E-Mailer', '31.00', '22.00', '5.00', '-', '2020-11-19 23:24:22', '2020-11-19 23:24:22'),
(340, '360-E', 'E-Mailer', '25.00', '13.00', '7.50', '-', '2020-11-19 23:24:22', '2020-11-19 23:24:22'),
(341, '361-HB*', 'Handle Box', '20.00', '20.00', '28.00', 'cuttingan bagian depan 12x15 cm', '2020-11-19 23:24:22', '2020-11-19 23:24:22'),
(342, '362-E', 'E-Mailer', '14.00', '10.00', '4.00', '-', '2020-11-19 23:24:22', '2020-11-19 23:24:22'),
(343, '363-E', 'E-Mailer', '15.00', '15.00', '15.00', '-', '2020-11-19 23:24:22', '2020-11-19 23:24:22'),
(344, '364-E', 'E-Mailer', '24.50', '11.50', '5.00', '-', '2020-11-19 23:24:22', '2020-11-19 23:24:22'),
(345, '365-CB', 'Cake Box', '33.00', '34.00', '12.00', '-', '2020-11-19 23:24:22', '2020-11-19 23:24:22'),
(346, '366-CB', 'Cake Box', '32.00', '18.00', '10.00', '-', '2020-11-19 23:24:22', '2020-11-19 23:24:22'),
(347, '367-E', 'E-Mailer', '21.50', '16.50', '6.00', '-', '2020-11-19 23:24:22', '2020-11-19 23:24:22'),
(348, '368-E', 'E-Mailer', '25.00', '17.00', '5.00', '-', '2020-11-19 23:24:22', '2020-11-19 23:24:22'),
(349, '369-E', 'E-Mailer', '35.00', '30.00', '7.00', '-', '2020-11-19 23:24:22', '2020-11-19 23:24:22'),
(350, '370-E', 'E-Mailer', '22.00', '11.00', '11.00', '-', '2020-11-19 23:24:22', '2020-11-19 23:24:22'),
(351, '371-E', 'E-Mailer', '35.00', '28.00', '9.00', '-', '2020-11-19 23:24:22', '2020-11-19 23:24:22'),
(352, '372-HB', 'Handle Box', '25.00', '15.00', '25.00', '-', '2020-11-19 23:24:22', '2020-11-19 23:24:22'),
(353, '373-SL A-B', 'Slide Box', '28.50', '21.50', '8.00', '-', '2020-11-19 23:24:22', '2020-11-19 23:24:22'),
(354, '374-SL A-B', 'Slide Box', '7.50', '25.00', '3.00', '-', '2020-11-19 23:24:22', '2020-11-19 23:24:22'),
(355, '375-E', 'E-Mailer', '20.00', '20.00', '7.50', '-', '2020-11-19 23:24:22', '2020-11-19 23:24:22'),
(356, '376-TB A-B', 'Top Bottom', '25.00', '25.00', '30.00', '-', '2020-11-19 23:24:22', '2020-11-19 23:24:22'),
(357, '377-E', 'E-Mailer', '19.00', '13.00', '3.00', '-', '2020-11-19 23:24:22', '2020-11-19 23:24:22'),
(358, '378-HB', 'Handle Box', '25.00', '20.00', '20.00', '-', '2020-11-19 23:24:22', '2020-11-19 23:24:22'),
(359, '379-E', 'E-Mailer', '16.00', '12.50', '7.00', '-', '2020-11-19 23:24:22', '2020-11-19 23:24:22'),
(360, '380-E', 'E-Mailer', '25.00', '15.00', '8.00', '-', '2020-11-19 23:24:22', '2020-11-19 23:24:22'),
(361, '381-CB E', 'Slice Cake Box', '25.50', '25.50', '16.00', '-', '2020-11-19 23:24:22', '2020-11-19 23:24:22'),
(362, '382-EC', 'Eco Cake', '21.00', '20.50', '9.40', 'Piso Eflute', '2020-11-19 23:24:22', '2020-11-19 23:24:22'),
(363, '383-E', 'E-Mailer', '25.00', '18.00', '5.00', '-', '2020-11-19 23:24:22', '2020-11-19 23:24:22'),
(364, '384-TT', 'Tuck Top', '7.00', '7.00', '30.00', '-', '2020-11-19 23:24:22', '2020-11-19 23:24:22'),
(365, '385-TB A-B', 'Top Bottom', '14.50', '20.50', '3.00', '-', '2020-11-19 23:24:22', '2020-11-19 23:24:22'),
(366, '386-TB A-B', 'Top Bottom', '33.00', '27.00', '8.00', '-', '2020-11-19 23:24:22', '2020-11-19 23:24:22'),
(367, '387-E', 'E-Mailer', '25.00', '25.00', '7.00', '-', '2020-11-19 23:24:22', '2020-11-19 23:24:22'),
(368, '388-TB A-B', 'Top Bottom', '30.00', '30.00', '7.00', '-', '2020-11-19 23:24:22', '2020-11-19 23:24:22'),
(369, '389-E', 'E-Mailer', '7.00', '20.00', '4.00', '-', '2020-11-19 23:24:22', '2020-11-19 23:24:22'),
(370, '390-E', 'E-Mailer', '9.00', '17.00', '5.00', '-', '2020-11-19 23:24:22', '2020-11-19 23:24:22'),
(371, '391-HB', 'Handle Box', '20.00', '10.00', '17.00', '-', '2020-11-19 23:24:22', '2020-11-19 23:24:22'),
(372, '392-E', 'E-Mailer', '35.00', '22.00', '8.00', '-', '2020-11-19 23:24:22', '2020-11-19 23:24:22'),
(373, '393-TB A-B', 'Top Bottom', '25.00', '25.00', '20.00', '-', '2020-11-19 23:24:22', '2020-11-19 23:24:22'),
(374, '394-E', 'E-Mailer', '25.00', '25.00', '8.00', '-', '2020-11-19 23:24:22', '2020-11-19 23:24:22'),
(375, '395-E', 'E-Mailer', '30.00', '15.00', '15.00', '-', '2020-11-19 23:24:22', '2020-11-19 23:24:22'),
(376, '396-E', 'E-Mailer', '30.00', '15.50', '7.50', '-', '2020-11-19 23:24:22', '2020-11-19 23:24:22'),
(377, '397-E*', 'E-Mailer', '20.50', '20.50', '5.00', 'Mika (sama seperti Yuni)', '2020-11-19 23:24:22', '2020-11-19 23:24:22'),
(378, '398-HB', 'Handle Box', '18.00', '14.00', '22.00', '-', '2020-11-19 23:24:22', '2020-11-19 23:24:22'),
(379, '399-HB', 'Handle Box', '18.00', '14.00', '15.00', '-', '2020-11-19 23:24:22', '2020-11-19 23:24:22'),
(380, '400-E', 'E-Mailer', '14.00', '14.00', '12.00', '-', '2020-11-19 23:24:22', '2020-11-19 23:24:22'),
(381, '401-E', 'E-Mailer', '22.00', '22.00', '5.00', '-', '2020-11-19 23:24:22', '2020-11-19 23:24:22'),
(382, '402-HB*', 'Handle Box', '21.00', '8.50', '25.00', 'Pakai Lubang seperti wine', '2020-11-19 23:24:22', '2020-11-19 23:24:22'),
(383, '403-E', 'E-Mailer', '30.00', '25.00', '10.00', '-', '2020-11-19 23:24:22', '2020-11-19 23:24:22'),
(384, '404-CBE', 'Cake Box', '14.90', '14.90', '10.00', '-', '2020-11-19 23:24:22', '2020-11-19 23:24:22'),
(385, '405-CBE', 'Cake Box Eco-Pack', '30.50', '30.00', '14.90', '-', '2020-11-19 23:24:22', '2020-11-19 23:24:22'),
(386, '406-E', 'E-Mailer', '12.00', '12.00', '6.00', '-', '2020-11-19 23:24:22', '2020-11-19 23:24:22'),
(387, '407-SL2/A-B', 'Slide Box', '8.00', '19.00', '6.50', '-', '2020-11-19 23:24:22', '2020-11-19 23:24:22'),
(388, '408-SL1/A-B', 'Slide Box', '7.50', '25.00', '3.00', 'Slide Box 1 Lubang', '2020-11-19 23:24:22', '2020-11-19 23:24:22'),
(389, '409-E', 'E-Mailer', '36.00', '17.00', '4.50', '-', '2020-11-19 23:24:22', '2020-11-19 23:24:22'),
(390, '410-SL2/A-B', 'Slide Box', '15.00', '30.00', '10.00', '-', '2020-11-19 23:24:22', '2020-11-19 23:24:22'),
(391, '411-E', 'E-Mailer', '33.50', '24.50', '8.50', 'Outernya 35x25x9', '2020-11-19 23:24:22', '2020-11-19 23:24:22'),
(392, '412-E', 'E-Mailer', '26.00', '11.00', '10.00', '-', '2020-11-19 23:24:22', '2020-11-19 23:24:22'),
(393, '413-TB/A-B', 'Top Bottom', '18.00', '18.00', '6.00', 'DOUBLE (tinggi tutup 3.5 cm)', '2020-11-19 23:24:22', '2020-11-19 23:24:22'),
(394, '414-E', 'E-Mailer', '29.50', '11.50', '9.00', '-', '2020-11-19 23:24:22', '2020-11-19 23:24:22'),
(395, '415-TB/A*-B', 'Top Bottom', '25.50', '18.50', '8.00', 'SINGLE, (Tinggi tutup: 3 cm) pakai mika ada diameter pojok kiri atas 6 cm', '2020-11-19 23:24:22', '2020-11-19 23:24:22'),
(396, '416-TB/A-B', 'Top Bottom', '18.00', '12.00', '7.00', 'DOUBLE, (Tinggi tutup: 3 cm)', '2020-11-19 23:24:22', '2020-11-19 23:24:22'),
(397, '417-HB*', 'Handle Box', '30.00', '18.00', '10.00', '(tinggi handle 4cm)', '2020-11-19 23:24:22', '2020-11-19 23:24:22'),
(398, '418-E', 'E-Mailer', '15.90', '15.30', '5.30', '-', '2020-11-19 23:24:22', '2020-11-19 23:24:22'),
(399, '419-E', 'E-Mailer', '9.00', '9.00', '6.00', '-', '2020-11-19 23:24:22', '2020-11-19 23:24:22'),
(400, '420-SL2/A-B', 'Slide Box', '20.00', '25.00', '7.00', '-', '2020-11-19 23:24:22', '2020-11-19 23:24:22'),
(401, '421-E', 'E-Mailer', '23.50', '9.50', '7.50', 'sekat 3 lubang', '2020-11-19 23:24:22', '2020-11-19 23:24:22'),
(402, '422-SL2/A*-B', 'Slide Box', '8.00', '12.00', '5.00', 'Bagian Cover Rell 3 Point (Fullprint)', '2020-11-19 23:24:22', '2020-11-19 23:24:22'),
(403, '423-E', 'E-Mailer', '27.50', '22.50', '7.00', 'Rell 3 Point (Fullprint)', '2020-11-19 23:24:22', '2020-11-19 23:24:22'),
(404, '424-E', 'E-Mailer', '21.50', '18.00', '5.50', '-', '2020-11-19 23:24:22', '2020-11-19 23:24:22'),
(405, '425-E', 'E-Mailer', '30.00', '40.00', '10.00', '-', '2020-11-19 23:24:22', '2020-11-19 23:24:22'),
(406, '426-HB', 'Handle Box', '25.00', '17.50', '12.00', 'Sekat 6 Lubang D:5.5cm T:3cm', '2020-11-19 23:24:22', '2020-11-19 23:24:22'),
(407, '427-TB/A-B', 'Top Bottom', '30.00', '30.00', '35.00', 'SINGLE, (Tinggi tutup:8cm)', '2020-11-19 23:24:22', '2020-11-19 23:24:22'),
(408, '428-CB', 'Cake Box', '27.50', '27.50', '20.00', 'Tipe Lama', '2020-11-19 23:24:22', '2020-11-19 23:24:22'),
(409, '429-E', 'E-Mailer', '31.00', '31.00', '8.00', '-', '2020-11-19 23:24:22', '2020-11-19 23:24:22'),
(410, '430-HB', 'Handle Box', '25.00', '16.00', '17.00', '-', '2020-11-19 23:24:22', '2020-11-19 23:24:22'),
(411, '431-BC', 'Bottle Carrier', '8.00', '21.50', '0.00', '-', '2020-11-19 23:24:22', '2020-11-19 23:24:22'),
(412, '432-BC', 'Bottle Carrier', '8.00', '21.50', '0.00', '-', '2020-11-19 23:24:22', '2020-11-19 23:24:22'),
(413, '433-E', 'E-Mailer', '18.00', '10.50', '5.50', '-', '2020-11-19 23:24:22', '2020-11-19 23:24:22'),
(414, '434-E', 'E-Mailer', '30.00', '25.00', '7.00', '-', '2020-11-19 23:24:22', '2020-11-19 23:24:22'),
(415, '435-E', 'E-Mailer', '25.00', '22.00', '8.00', '-', '2020-11-19 23:24:22', '2020-11-19 23:24:22'),
(416, '436-SL2/A-B', 'Slide Box', '13.00', '19.00', '7.00', '-', '2020-11-19 23:24:22', '2020-11-19 23:24:22'),
(417, '437-TB/A-B', 'Top Bottom', '17.00', '16.00', '6.00', 'DOUBLE, (Tinggi tutup: 3 cm)', '2020-11-19 23:24:22', '2020-11-19 23:24:22'),
(418, '438-SL2/A-B*', 'Slide Box', '13.00', '15.00', '13.00', 'ada lekukan dalamnya dan ada cutting ujungnya', '2020-11-19 23:24:22', '2020-11-19 23:24:22'),
(419, '439-E', 'E-Mailer', '32.00', '30.00', '7.50', '-', '2020-11-19 23:24:22', '2020-11-19 23:24:22'),
(420, '440-E', 'E-Mailer', '22.00', '16.00', '7.00', '-', '2020-11-19 23:24:22', '2020-11-19 23:24:22'),
(421, '441-E', 'E-Mailer', '25.00', '10.00', '6.00', '-', '2020-11-19 23:24:22', '2020-11-19 23:24:22'),
(422, '442-HB', 'Handle Box', '24.00', '24.00', '15.00', '-', '2020-11-19 23:24:22', '2020-11-19 23:24:22'),
(423, '443-SL2/A-B', 'Slide Box', '10.00', '20.00', '7.00', '-', '2020-11-19 23:24:22', '2020-11-19 23:24:22'),
(424, '444-TT*', 'Tuck Top', '7.50', '7.50', '20.00', 'Ada Lubang bagian depan D:2.5', '2020-11-19 23:24:22', '2020-11-19 23:24:22'),
(425, '445-SL2/A-B', 'Slide Box', '20.00', '35.00', '14.00', '-', '2020-11-19 23:24:22', '2020-11-19 23:24:22'),
(426, '446-SL2/A-B', 'Slide Box', '21.00', '25.00', '10.00', '-', '2020-11-19 23:24:22', '2020-11-19 23:24:22'),
(427, '447-TB/A-B', 'Top Bottom', '30.00', '25.00', '8.00', 'SINGLE, (Tinggi Tutup : 3cm)', '2020-11-19 23:24:22', '2020-11-19 23:24:22'),
(428, '448-TB/A*-B', 'Top Bottom', '36.00', '36.00', '10.00', 'SINGLE (Tinggi tutup : 5cm) (+)Mika bagian atas tutup', '2020-11-19 23:24:22', '2020-11-19 23:24:22'),
(429, '449-E', 'E-Mailer', '28.00', '16.00', '10.00', '-', '2020-11-19 23:24:22', '2020-11-19 23:24:22'),
(430, '450-E', 'E-Mailer', '37.00', '32.00', '5.00', '-', '2020-11-19 23:24:22', '2020-11-19 23:24:22'),
(431, '451-TB/A*-B', 'Top Bottom', '10.00', '20.00', '7.00', 'DOUBLE (Tinggi Tutup 3cm) (+)Mika bagian atas Tutup', '2020-11-19 23:24:22', '2020-11-19 23:24:22'),
(432, '452-TB/A-B', 'Top Bottom', '22.00', '15.00', '15.00', 'SINGLE, (Tinggi tutup: 5 cm)', '2020-11-19 23:24:22', '2020-11-19 23:24:22'),
(433, '453-CB', 'Cake Box', '20.00', '20.00', '13.00', 'No Hole', '2020-11-19 23:24:22', '2020-11-19 23:24:22'),
(434, '454-SL2/A-B', 'Slide Box', '10.00', '10.00', '8.00', '-', '2020-11-19 23:24:22', '2020-11-19 23:24:22'),
(435, '455-TTN', 'Tuck Top New', '40.20', '2.00', '48.00', '-', '2020-11-19 23:24:22', '2020-11-19 23:24:22'),
(436, '456-TT', 'Tuck Top', '6.00', '8.00', '65.00', 'Rell 3 Point (Fullprint)', '2020-11-19 23:24:22', '2020-11-19 23:24:22'),
(437, '457-TT', 'Tuck Top', '4.00', '7.00', '45.00', 'Rell 3 Point (Fullprint)', '2020-11-19 23:24:22', '2020-11-19 23:24:22'),
(438, '458-CB*', 'Cake Box', '37.00', '28.00', '6.00', '(+) Mika bagian atas', '2020-11-19 23:24:22', '2020-11-19 23:24:22'),
(439, '459-E', 'E-Mailer', '26.00', '26.00', '5.00', '-', '2020-11-19 23:24:22', '2020-11-19 23:24:22'),
(440, '460-E', 'E-Mailer', '15.50', '8.50', '6.00', '-', '2020-11-19 23:24:22', '2020-11-19 23:24:22');

-- --------------------------------------------------------

--
-- Table structure for table `t_benefit`
--

CREATE TABLE `t_benefit` (
  `id` int(11) NOT NULL,
  `img` text DEFAULT NULL,
  `title` varchar(45) DEFAULT NULL,
  `title_id` text DEFAULT NULL,
  `desc` text DEFAULT NULL,
  `desc_eng` text DEFAULT NULL,
  `adddate` datetime DEFAULT NULL
) ENGINE=InnoDB DEFAULT CHARSET=utf8;

--
-- Dumping data for table `t_benefit`
--

INSERT INTO `t_benefit` (`id`, `img`, `title`, `title_id`, `desc`, `desc_eng`, `adddate`) VALUES
(1, 'icon_box-01.png', 'LOW MINIMUM ORDER', 'ORDER MINIMUM RENDAH ', 'Pesan Serendah 10 Pcs. ', 'Order as Low as 10 Pcs.  ', '2020-11-17 20:48:33'),
(2, '2_icon_box add-05 (1).png', 'MOST COST EFFICIENTS  ', 'PALING BIAYA EFISIEN ', 'Kami menawarkan solusi yang paling hemat biaya ', 'We offer the most cost efficient solution', '2020-11-17 20:49:16'),
(3, '3_icon_box-02.png', 'FREE SAMPLE ', 'SAMPEL GRATIS', 'Rasakan materi premium kami dengan biaya hands-on gratis !. ', 'Experience our premium material hands-on free charge!. ', '2020-11-17 20:05:32'),
(4, '4_icon_box add-06.png', 'ECO FRIENDLY ', 'RAMAH LINGKUNGAN \r\n', 'Produk kami dapat didaur ulang. reusable and biodegradable Mari berikan lebih banyak cinta untuk rumah kita. ', 'Our Products are recyclable. reusable and biodegradable Let\'s give more love to our home. ', '2020-11-17 20:05:41');

-- --------------------------------------------------------

--
-- Table structure for table `t_contact_info`
--

CREATE TABLE `t_contact_info` (
  `id` int(11) NOT NULL,
  `title` varchar(45) DEFAULT NULL,
  `title_desc` text DEFAULT NULL,
  `desc` text DEFAULT NULL,
  `title_desc_eng` text DEFAULT NULL,
  `desc_eng` text DEFAULT NULL,
  `link` text DEFAULT NULL
) ENGINE=InnoDB DEFAULT CHARSET=utf8;

--
-- Dumping data for table `t_contact_info`
--

INSERT INTO `t_contact_info` (`id`, `title`, `title_desc`, `desc`, `title_desc_eng`, `desc_eng`, `link`) VALUES
(1, 'Eco Pack (Tokopedia)', 'Eco pack / Paket ramah lingkungan minimal 10 pcs', ' lewat Tokopedia\r\n', ' Eco pack / Eco-friendly package of at least 10 pcs \r\n', 'via Tokopedia', 'https://www.tokopedia.com/customboxid'),
(2, 'Custom Packaging', 'Siap untuk menyesuaikan pengemasan!', 'Pesan disini!', 'Ready for my Custom Packaging!', 'Order here', 'https://split.to/BuKevTe'),
(3, 'Chat with us', 'Punya pertanyaan tentang pengemasan?', 'Tanya kami disini!', 'Got a packaging question?', 'Ask us here!', 'https://split.to/D6buNOV');

-- --------------------------------------------------------

--
-- Table structure for table `t_gallery`
--

CREATE TABLE `t_gallery` (
  `id` int(11) NOT NULL,
  `img` text DEFAULT NULL,
  `title` varchar(45) DEFAULT NULL,
  `desc` text DEFAULT NULL,
  `desc_eng` text DEFAULT NULL,
  `adddate` datetime DEFAULT NULL
) ENGINE=InnoDB DEFAULT CHARSET=utf8;

--
-- Dumping data for table `t_gallery`
--

INSERT INTO `t_gallery` (`id`, `img`, `title`, `desc`, `desc_eng`, `adddate`) VALUES
(1, 'product1.jpeg', 'SLIDE BOX', NULL, NULL, NULL),
(2, 'product2.jpeg', 'E-MAILER BOX', NULL, NULL, NULL),
(3, 'product3.jpeg', 'SHOE BOX', NULL, NULL, NULL),
(4, 'product4.jpeg', 'CAKE BOX', NULL, NULL, NULL),
(5, 'product5.jpeg', 'TUCK TOP BOX', NULL, NULL, NULL),
(6, 'product7.jpeg', 'TOP BOTTOM BOX', NULL, NULL, NULL),
(7, 'product8.jpeg', 'HANDLE BOX', NULL, NULL, NULL);

-- --------------------------------------------------------

--
-- Table structure for table `t_icon`
--

CREATE TABLE `t_icon` (
  `id` int(11) NOT NULL,
  `value` varchar(255) DEFAULT NULL
) ENGINE=InnoDB DEFAULT CHARSET=latin1;

--
-- Dumping data for table `t_icon`
--

INSERT INTO `t_icon` (`id`, `value`) VALUES
(1, 'fa fa-book'),
(2, 'fa fa-users'),
(3, 'fa fa-eye'),
(4, 'fa fa-gears '),
(5, 'fa fa-picture-o'),
(6, 'fa fa-calendar-check-o'),
(7, 'fa fa-question-circle'),
(8, 'fa fa-dropbox'),
(9, 'fa fa-home'),
(10, 'fa fa-shopping-bag');

-- --------------------------------------------------------

--
-- Table structure for table `t_manu`
--

CREATE TABLE `t_manu` (
  `id` int(10) NOT NULL,
  `label` varchar(20) NOT NULL,
  `eng` varchar(20) NOT NULL,
  `idn` varchar(20) NOT NULL
) ENGINE=InnoDB DEFAULT CHARSET=utf8mb4;

--
-- Dumping data for table `t_manu`
--

INSERT INTO `t_manu` (`id`, `label`, `eng`, `idn`) VALUES
(1, 'Home', 'Home', 'Rumah'),
(2, 'Model', 'Model', 'Model'),
(3, 'Gallery', 'Gallery', 'Galeri'),
(4, 'Sample', 'Sample', 'Sampel'),
(5, 'Contact_Us', 'Contact Us', 'Hubungi kami');

-- --------------------------------------------------------

--
-- Table structure for table `t_member`
--

CREATE TABLE `t_member` (
  `id` int(11) NOT NULL,
  `first_name` text DEFAULT NULL,
  `last_name` text DEFAULT NULL,
  `email` text DEFAULT NULL,
  `phone_number` text DEFAULT NULL,
  `password` text DEFAULT NULL,
  `updated_at` datetime DEFAULT NULL,
  `created_at` datetime DEFAULT NULL
) ENGINE=InnoDB DEFAULT CHARSET=utf8;

--
-- Dumping data for table `t_member`
--

INSERT INTO `t_member` (`id`, `first_name`, `last_name`, `email`, `phone_number`, `password`, `updated_at`, `created_at`) VALUES
(1, 'gg', 'ii', 'handrisaeputra@gmail.com', '08808', '123456789', '2020-04-12 23:53:02', '2020-04-12 23:53:02'),
(2, 'hh', 'jj', 'Handrisaeputra2@gmail.com', '66565', '123456789', '2020-04-12 23:56:34', '2020-04-12 23:56:34'),
(3, '123', '123', 'omen@gmail.com', '123', '123', '2020-05-10 15:15:01', '2020-05-10 15:15:01');

-- --------------------------------------------------------

--
-- Table structure for table `t_menu`
--

CREATE TABLE `t_menu` (
  `id` int(10) UNSIGNED NOT NULL,
  `menu_name` varchar(191) COLLATE utf8_unicode_ci NOT NULL,
  `icon` varchar(191) COLLATE utf8_unicode_ci NOT NULL,
  `sort` int(11) NOT NULL,
  `addby` int(11) DEFAULT NULL,
  `adddate` varchar(255) COLLATE utf8_unicode_ci DEFAULT NULL
) ENGINE=InnoDB DEFAULT CHARSET=utf8 COLLATE=utf8_unicode_ci;

--
-- Dumping data for table `t_menu`
--

INSERT INTO `t_menu` (`id`, `menu_name`, `icon`, `sort`, `addby`, `adddate`) VALUES
(1, 'Configuration', 'fa fa-gears', 10, NULL, NULL),
(22, 'Piso', 'fa fa-dropbox', 1, 1, '2020-03-09 23:39:05'),
(23, 'Home Page', 'fa fa-home', 1, 1, '2020-04-02 00:27:40'),
(24, 'Transaksi', 'fa fa-shopping-bag', 3, 1, '2020-04-02 00:35:38'),
(25, 'Member', 'fa fa-users', 4, 1, '2020-04-10 22:09:55'),
(26, 'Sample Request', 'fa fa-picture-o', 5, 1, '2020-04-10 22:10:51'),
(27, 'Shedule', 'fa fa-calendar-check-o', 6, 1, '2020-04-26 22:55:44');

-- --------------------------------------------------------

--
-- Table structure for table `t_models`
--

CREATE TABLE `t_models` (
  `id` int(11) NOT NULL,
  `img` varchar(45) DEFAULT NULL,
  `title` text DEFAULT NULL,
  `title_id` text DEFAULT NULL,
  `desc` text DEFAULT NULL,
  `created_at` datetime DEFAULT NULL,
  `desc_eng` text DEFAULT NULL,
  `location` text DEFAULT NULL,
  `suitable` text DEFAULT NULL,
  `suitable_id` text DEFAULT NULL,
  `link` text DEFAULT NULL
) ENGINE=InnoDB DEFAULT CHARSET=utf8mb4;

--
-- Dumping data for table `t_models`
--

INSERT INTO `t_models` (`id`, `img`, `title`, `title_id`, `desc`, `created_at`, `desc_eng`, `location`, `suitable`, `suitable_id`, `link`) VALUES
(1, 'product-1614572012.png', 'Slide Box', 'Kotak Geser ', 'Jadilah berbeda di antara pesaing Anda. Kotak geser kami menawarkan pengalaman membuka kemasan baru dan unik untuk pelanggan Anda\r\nCocok untuk: pengiriman, pakaian, makanan\r\n', '2021-03-01 11:13:34', 'Be different among your competitors. The Slide Box offers a new and unique unboxing experience for your customers.', 'https://customboxid.com/public/images/models/product-1614572012.png', 'Shipping, Clothing, Food.', 'pengiriman, pakaian, makanan', 'https://customboxid.com/contact'),
(2, 'product-1614572020.png', 'E-Mailer Box', 'Kotak kardus mailer', 'Kotak Email adalah model terlaris kami, menciptakan pengalaman membuka kemasan yang menyenangkan bagi pelanggan Anda sekaligus memberikan kekuatan yang diperlukan untuk menjaga keamanan barang Anda selama pengiriman. Perlakukan pelanggan Anda dengan standar pengiriman yang lebih tinggi!', '2021-03-01 11:13:42', 'Our best selling model, the e-Mailer Box, creates a lovely unboxing experience for your customers while providing the strength required to keep your items secure during mailing. Treat your customer with a higher standard of shipping!', 'https://customboxid.com/public/images/models/product-1614572020.png', 'Shipping, Clothing, Food', 'Kotak kardus mailer', 'https://customboxid.com/contact'),
(3, 'product-1614572028.png', 'Shoe Box', 'Kotak sepatu', ' Pilihan paling efisien namun elegan untuk memastikan sepatu Anda sampai ke pelanggan dengan selamat.', '2021-03-01 11:13:51', 'The most efficient yet elegant choice to make sure your pair of shoes gets to your customer safely.', 'https://customboxid.com/public/images/models/product-1614572028.png', 'Sneakers, Heels, Shoes', 'sepatu kets, sepatu hak tinggi, sepatu', 'https://customboxid.com/contact'),
(4, 'product-1614572044.png', 'Cake Box', 'Kotak kue', 'Kotak kue klasik yang memastikan sesuatu yang manis dapat sampai ke pelanggan Anda dengan aman', '2021-03-01 11:14:06', 'The classic cake box makes sure the sweets get to your customer safely.', 'https://customboxid.com/public/images/models/product-1614572044.png', 'Whole Cake, Sliced Cake Pastries', 'kue utuh, potongan kue, kue kering ', 'https://customboxid.com/contact'),
(5, 'product-1614572053.png', 'Top-Bottom Box', 'Kotak atas bawah', 'Jadilah yang berbeda di antara pesaing Anda. Kotak Atas-Bawah menawarkan pengalaman membuka kemasan baru dan unik untuk pelanggan Anda', '2021-03-01 11:14:15', 'Be different among your competitors. The Top-Bottom Box offers a new and unique unboxing experience for your customers.', 'https://customboxid.com/public/images/models/product-1614572053.png', 'Shipping, Clothing, Food', 'pengiriman, pakaian, makanan', 'https://customboxid.com/contact'),
(6, 'product-1614572061.png', 'Handle Box', 'Kotak yang dapat dipegang ', 'Kotak pegangan atau kotak pembawa dilengkapi dengan pegangan yang memungkinkan pelanggan Anda memamerkan barang yang mereka beli. Direkomendasikan untuk retail atau dibawa menggunakan kotak', '2021-03-01 11:14:23', 'The handle box or the carrier box features a handle that lets your customer show off  their purchased goodies. recommended for retail or to go boxes.', 'https://customboxid.com/public/images/models/product-1614572061.png', 'Bottled beverages, Cake, Ice Cream', 'dijinjing: minuman botolan, kue, es krim', 'https://customboxid.com/contact'),
(7, 'product-1614572069.png', 'Tuck Top Box', 'kotak dengan selipan di atas', 'Kotak berselip memberikan pengalaman membuka kemasan yang menarik dengan biaya yang efisien', '2021-03-01 11:14:31', 'The Tuck Top Box provides an engaging unboxing experience at an efficient cost', 'https://customboxid.com/public/images/models/product-1614572069.png', 'Shipping, Clothing, Food', 'pengiriman, pakaian, makanan', 'https://customboxid.com/contact'),
(8, 'product-1614572077.png', 'Custom Model', 'Model khusus', 'Punya konsep atau ide yang Anda miliki untuk kemasan Anda sendiri? Beri tahu kami dan kami akan mewujudkan ide Anda!', '2021-03-01 11:14:39', 'Got a concept or idea you have for your very own packaging? Let us know and we will bring your idea to life!', 'https://customboxid.com/public/images/models/product-1614572077.png', 'Bring your idea to life!', 'Wujudkan ide Anda', 'https://customboxid.com/contact');

-- --------------------------------------------------------

--
-- Table structure for table `t_models_gallery`
--

CREATE TABLE `t_models_gallery` (
  `id` int(11) NOT NULL,
  `id_models` varchar(45) DEFAULT NULL,
  `img` varchar(45) DEFAULT NULL,
  `title` varchar(45) DEFAULT NULL,
  `location` text DEFAULT NULL
) ENGINE=InnoDB DEFAULT CHARSET=utf8mb4;

--
-- Dumping data for table `t_models_gallery`
--

INSERT INTO `t_models_gallery` (`id`, `id_models`, `img`, `title`, `location`) VALUES
(129, '1', 'product-1605621850.png', '1', 'https://customboxid.com/public/images/gallery_models/product-1605621850.png'),
(130, '1', 'product-1605621679.png', '2', 'https://customboxid.com/public/images/gallery_models/product-1605621679.png'),
(131, '1', 'product-1605621683.png', '1', 'https://customboxid.com/public/images/gallery_models/product-1605621683.png'),
(132, '1', 'product-1605621853.png', '3', 'https://customboxid.com/public/images/gallery_models/product-1605621853.png'),
(133, '2', 'product-1605621801.png', '3', 'https://customboxid.com/public/images/gallery_models/product-1605621801.png'),
(134, '2', 'product-1605621804.png', '2', 'https://customboxid.com/public/images/gallery_models/product-1605621804.png'),
(135, '2', 'product-1605621811.png', '1', 'https://customboxid.com/public/images/gallery_models/product-1605621811.png'),
(136, '2', 'product-1605621813.png', '5', 'https://customboxid.com/public/images/gallery_models/product-1605621813.png'),
(137, '3', 'product-1605621866.png', '1', 'https://customboxid.com/public/images/gallery_models/product-1605621866.png'),
(138, '3', 'product-1605621871.png', '3', 'https://customboxid.com/public/images/gallery_models/product-1605621871.png'),
(139, '3', 'product-1605621877.png', '3', 'https://customboxid.com/public/images/gallery_models/product-1605621877.png'),
(140, '3', 'product-1605621881.png', '2', 'https://customboxid.com/public/images/gallery_models/product-1605621881.png'),
(145, '4', 'product-1605621942.png', '1', 'https://customboxid.com/public/images/gallery_models/product-1605621942.png'),
(146, '4', 'product-1605621946.png', '1', 'https://customboxid.com/public/images/gallery_models/product-1605621946.png'),
(147, '4', 'product-1605621952.png', '2', 'https://customboxid.com/public/images/gallery_models/product-1605621952.png'),
(148, '4', 'product-1605621956.png', '3', 'https://customboxid.com/public/images/gallery_models/product-1605621956.png'),
(149, '5', 'product-1605622001.png', '1', 'https://customboxid.com/public/images/gallery_models/product-1605622001.png'),
(150, '5', 'product-1605622005.png', '3', 'https://customboxid.com/public/images/gallery_models/product-1605622005.png'),
(151, '5', 'product-1605622010.png', '2', 'https://customboxid.com/public/images/gallery_models/product-1605622010.png'),
(152, '5', 'product-1605622014.png', '1', 'https://customboxid.com/public/images/gallery_models/product-1605622014.png'),
(153, '6', 'product-1605622036.png', '1', 'https://customboxid.com/public/images/gallery_models/product-1605622036.png'),
(154, '6', 'product-1605622040.png', '2', 'https://customboxid.com/public/images/gallery_models/product-1605622040.png'),
(155, '6', 'product-1605622044.png', '3', 'https://customboxid.com/public/images/gallery_models/product-1605622044.png'),
(156, '6', 'product-1605622049.png', '4', 'https://customboxid.com/public/images/gallery_models/product-1605622049.png'),
(157, '8', 'product-1605622114.png', '1', 'https://customboxid.com/public/images/gallery_models/product-1605622114.png'),
(158, '8', 'product-1605622122.png', '2', 'https://customboxid.com/public/images/gallery_models/product-1605622122.png'),
(159, '8', 'product-1605622127.png', '3', 'https://customboxid.com/public/images/gallery_models/product-1605622127.png'),
(160, '8', 'product-1605622134.png', '1', 'https://customboxid.com/public/images/gallery_models/product-1605622134.png');

-- --------------------------------------------------------

--
-- Table structure for table `t_past_project`
--

CREATE TABLE `t_past_project` (
  `id` int(11) NOT NULL,
  `img` text DEFAULT NULL,
  `title` varchar(45) DEFAULT NULL,
  `title_id` varchar(45) DEFAULT NULL,
  `desc` text DEFAULT NULL,
  `desc_eng` text DEFAULT NULL,
  `adddate` datetime DEFAULT NULL
) ENGINE=InnoDB DEFAULT CHARSET=utf8;

--
-- Dumping data for table `t_past_project`
--

INSERT INTO `t_past_project` (`id`, `img`, `title`, `title_id`, `desc`, `desc_eng`, `adddate`) VALUES
(1, '1_custombox_website compressed photos9.jpg', 'Indomilk : e-Mailer Box    ', 'Indomilk: Kotak pengiriman email', 'Proyek Sebar 5000 Kebaikan', 'Sebar 5.000 Kebaikan Project  ', '2020-11-17 21:12:04'),
(2, '2_custombox_website compressed photos10.jpg', 'Total Buah : Top Bottom Box   ', 'Total Buah: Kotak atas bawah', 'Kotak Buah penuh warna dengan Laminasi Tahan Air ', 'Full color Fruit Box with Waterproof Laminating  ', '2020-11-17 21:12:11'),
(3, '3_custombox_website compressed photos17.jpg', 'Miles and Co Slide. Box  ', 'Miles dan Co Slide. Kotak ', 'Pakaian Kotak Surat.', 'Apparels Mailer Box. ', '2020-11-17 20:57:53'),
(4, '4_custombox_website compressed photos.jpg', 'Cecilia Wang: e-Mailer Box', 'Cecilia Wang: e-mailer box', 'Kotak pengiriman buku', 'Books Shipping Box', '2020-11-17 20:58:59'),
(6, '6_custombox_website compressed photos15.jpg', 'Meraki: e-Mailer Box  ', 'Meraki: e-mailer box ', 'Kotak Pengiriman Buah dengan Laminasi Suhu Rendah ', 'Fruit Shipping Box with Low Temperature Lamination ', '2020-11-17 20:59:07'),
(7, '7_custombox_website compressed photos25.jpg', 'Toko Wine Handle Box  ', 'Toko Wine: Kotak yang dijinjing atau dipegang', 'Box pembawa botol wine', ' Wine Bottle Carrier ', '2020-11-17 21:12:47'),
(8, '8_custombox_website compressed photos16.jpg', 'Kenka Shoe Box  ', 'Kotak Sepatu Kenka', 'Kotak pengemasan sepatu', ' Shoes Packaging Box ', '2020-11-17 21:11:56'),
(10, '10_custombox_website compressed photos45.jpg', 'Moko Moko: Display Board ', 'MokoMoko: papan display', 'Papan display kosmetik', ' Cosmetics Display Board ', '2020-11-17 20:59:32');

-- --------------------------------------------------------

--
-- Table structure for table `t_post_project`
--

CREATE TABLE `t_post_project` (
  `id` int(11) NOT NULL,
  `img` varchar(45) DEFAULT NULL,
  `title` text DEFAULT NULL,
  `desc` text DEFAULT NULL,
  `created_at` datetime DEFAULT NULL,
  `desc_eng` text DEFAULT NULL,
  `location` text DEFAULT NULL,
  `suitable` text DEFAULT NULL,
  `link` text DEFAULT NULL
) ENGINE=InnoDB DEFAULT CHARSET=utf8;

--
-- Dumping data for table `t_post_project`
--

INSERT INTO `t_post_project` (`id`, `img`, `title`, `desc`, `created_at`, `desc_eng`, `location`, `suitable`, `link`) VALUES
(1, 'product1.jpeg', 'SLIDE BOX', 'Phasellus lorem enim, luctus ut velit eget, con-vallis egestas eros.', '2020-11-17 20:40:07', 'English version', 'http://localhost/custom_box_clean/public/images/product/product1.jpeg', 'shoes', NULL),
(2, 'product2.jpeg', 'E-MAILER BOX', 'Phasellus lorem enim, luctus ut velit eget, con-vallis egestas eros. ', NULL, 'English version', 'http://localhost/custom_box_clean/public/images/product/product2.jpeg', NULL, NULL),
(3, 'product3.jpeg', 'SHOE BOX', 'Phasellus lorem enim, luctus ut velit eget, con-vallis egestas eros. ', NULL, 'English version', 'http://localhost/custom_box_clean/public/images/product/product3.jpeg', NULL, NULL),
(4, 'product4.jpeg', 'CAKE BOX', 'Phasellus lorem enim, luctus ut velit eget, con-vallis egestas eros. ', NULL, 'English version', 'http://localhost/custom_box_clean/public/images/product/product4.jpeg', NULL, NULL),
(5, 'product5.jpeg', 'TUCK TOP BOX', 'Phasellus lorem enim, luctus ut velit eget, con-vallis egestas eros. ', NULL, 'English version', 'http://localhost/custom_box_clean/public/images/product/product5.jpeg', NULL, NULL),
(6, 'product7.jpeg', 'TOP BOTTOM BOX', 'Phasellus lorem enim, luctus ut velit eget, con-vallis egestas eros. ', NULL, 'English version', 'http://localhost/custom_box_clean/public/images/product/product7.jpeg', NULL, NULL),
(7, 'product8.jpeg', 'HANDLE BOX', 'Phasellus lorem enim, luctus ut velit eget, con-vallis egestas eros. ', NULL, 'English version', 'http://localhost/custom_box_clean/public/images/product/product/8.jpeg', NULL, NULL);

-- --------------------------------------------------------

--
-- Table structure for table `t_privileges`
--

CREATE TABLE `t_privileges` (
  `id` int(11) NOT NULL,
  `role_id` int(11) DEFAULT NULL,
  `menu_id` int(11) DEFAULT NULL,
  `user_id` int(11) DEFAULT NULL
) ENGINE=InnoDB DEFAULT CHARSET=latin1;

--
-- Dumping data for table `t_privileges`
--

INSERT INTO `t_privileges` (`id`, `role_id`, `menu_id`, `user_id`) VALUES
(193, 9, 22, NULL),
(220, 1, 22, NULL),
(221, 1, 23, NULL),
(222, 1, 24, NULL),
(223, 1, 25, NULL),
(224, 1, 26, NULL),
(225, 1, 27, NULL),
(226, 1, 1, NULL);

-- --------------------------------------------------------

--
-- Table structure for table `t_privileges_sub`
--

CREATE TABLE `t_privileges_sub` (
  `id` int(11) NOT NULL,
  `role_id` int(11) DEFAULT NULL,
  `menu_id` int(11) DEFAULT NULL,
  `sub_menu_id` int(11) DEFAULT NULL,
  `add` int(2) DEFAULT NULL,
  `edit` int(2) DEFAULT NULL,
  `deleted` int(2) DEFAULT NULL
) ENGINE=InnoDB DEFAULT CHARSET=utf8;

--
-- Dumping data for table `t_privileges_sub`
--

INSERT INTO `t_privileges_sub` (`id`, `role_id`, `menu_id`, `sub_menu_id`, `add`, `edit`, `deleted`) VALUES
(515, 9, 22, 68, 1, 1, 1),
(578, 1, 22, 68, 1, 1, 1),
(579, 1, 23, 69, 1, 1, 1),
(580, 1, 23, 70, 1, 1, 1),
(581, 1, 23, 71, 1, 1, 1),
(582, 1, 23, 72, 1, 1, 1),
(583, 1, 23, 73, 1, 1, 1),
(584, 1, 23, 74, 1, 1, 1),
(585, 1, 23, 75, 1, 1, 1),
(586, 1, 23, 80, 1, 1, 1),
(587, 1, 24, 76, 1, 1, 1),
(588, 1, 25, 77, 1, 1, 1),
(589, 1, 26, 78, 1, 1, 1),
(590, 1, 27, 79, 1, 1, 1),
(591, 1, 1, 1, 1, 1, 1),
(592, 1, 1, 2, 1, 1, 1),
(593, 1, 1, 10, 1, 1, 1),
(594, 1, 1, 41, 1, 1, 1);

-- --------------------------------------------------------

--
-- Table structure for table `t_product_gallery`
--

CREATE TABLE `t_product_gallery` (
  `id` int(11) NOT NULL,
  `id_product` varchar(45) DEFAULT NULL,
  `img` varchar(45) DEFAULT NULL,
  `title` varchar(45) DEFAULT NULL,
  `location` text DEFAULT NULL
) ENGINE=InnoDB DEFAULT CHARSET=utf8;

--
-- Dumping data for table `t_product_gallery`
--

INSERT INTO `t_product_gallery` (`id`, `id_product`, `img`, `title`, `location`) VALUES
(3, '20', 'product-1586106248.png', 'tt', 'http://localhost/custom_box_clean/public/images/gallery_product/product-1586106248.png'),
(23, '1', 'product-1605620355.png', 'k', 'https://customboxid.com/public/images/gallery_product/product-1605620355.png'),
(24, '1', 'product-1605620360.png', 'l', 'https://customboxid.com/public/images/gallery_product/product-1605620360.png'),
(25, '1', 'product-1605620364.png', '3', 'https://customboxid.com/public/images/gallery_product/product-1605620364.png'),
(26, '1', 'product-1605620370.png', '4', 'https://customboxid.com/public/images/gallery_product/product-1605620370.png');

-- --------------------------------------------------------

--
-- Table structure for table `t_product_harga`
--

CREATE TABLE `t_product_harga` (
  `id` int(11) NOT NULL,
  `product_id` int(11) DEFAULT NULL,
  `panjang` int(11) DEFAULT NULL,
  `lebar` int(11) DEFAULT NULL,
  `tinggi` int(11) DEFAULT NULL,
  `berat` decimal(8,2) DEFAULT NULL,
  `harga` int(11) DEFAULT NULL,
  `qty_grosir` int(11) DEFAULT NULL,
  `harga_grosir` int(11) DEFAULT NULL
) ENGINE=InnoDB DEFAULT CHARSET=utf8;

--
-- Dumping data for table `t_product_harga`
--

INSERT INTO `t_product_harga` (`id`, `product_id`, `panjang`, `lebar`, `tinggi`, `berat`, `harga`, `qty_grosir`, `harga_grosir`) VALUES
(3, 2, 20, 20, 20, '0.20', 3000, 50, 2500),
(4, 3, 10, 10, 10, '0.20', 2000, 50, 1500),
(5, 20, 5, 6, 7, '7.20', 500, 5000, 5000),
(21, 1, 10, 20, 30, '0.20', 25000, 50, 20000),
(22, 1, 20, 30, 40, '0.20', 30000, 50, 25000);

-- --------------------------------------------------------

--
-- Table structure for table `t_project`
--

CREATE TABLE `t_project` (
  `id` int(11) NOT NULL,
  `project_name` text DEFAULT NULL,
  `brand_name` text DEFAULT NULL,
  `phone_number` text DEFAULT NULL,
  `date_order` datetime DEFAULT NULL,
  `material` varchar(45) DEFAULT NULL,
  `sample` varchar(45) DEFAULT NULL,
  `model` varchar(45) DEFAULT NULL,
  `l` int(5) DEFAULT NULL,
  `w` int(5) DEFAULT NULL,
  `h` int(5) DEFAULT NULL,
  `qty` int(11) DEFAULT NULL,
  `outer` int(11) DEFAULT NULL,
  `inner` int(11) DEFAULT NULL,
  `flute` int(11) DEFAULT NULL,
  `sheet_l` int(11) DEFAULT NULL,
  `sheet_p` int(11) DEFAULT NULL,
  `qtd_in` int(11) DEFAULT NULL,
  `qtd_use` int(11) DEFAULT NULL,
  `price_box` int(11) DEFAULT NULL,
  `sale` int(11) DEFAULT NULL,
  `dp` int(11) DEFAULT NULL
) ENGINE=InnoDB DEFAULT CHARSET=utf8;

-- --------------------------------------------------------

--
-- Table structure for table `t_project_initial`
--

CREATE TABLE `t_project_initial` (
  `id` int(11) NOT NULL,
  `id_project` int(11) DEFAULT NULL,
  `initial` varchar(45) DEFAULT NULL,
  `job` varchar(45) DEFAULT NULL,
  `dec` varchar(45) DEFAULT NULL,
  `duration` varchar(45) DEFAULT NULL,
  `start_date` datetime DEFAULT NULL,
  `end_date` datetime DEFAULT NULL,
  `status` varchar(45) DEFAULT NULL
) ENGINE=InnoDB DEFAULT CHARSET=utf8;

-- --------------------------------------------------------

--
-- Table structure for table `t_request`
--

CREATE TABLE `t_request` (
  `id` int(11) NOT NULL,
  `id_member` int(11) DEFAULT NULL,
  `id_product` int(11) DEFAULT NULL,
  `id_size` int(11) DEFAULT NULL,
  `address` text DEFAULT NULL,
  `province` varchar(45) DEFAULT NULL,
  `city` varchar(45) DEFAULT NULL,
  `note` varchar(45) DEFAULT NULL,
  `first_name` varchar(45) DEFAULT NULL,
  `last_name` varchar(45) DEFAULT NULL,
  `district` varchar(45) DEFAULT NULL,
  `zip_code` varchar(45) DEFAULT NULL,
  `phone_number` varchar(45) DEFAULT NULL
) ENGINE=InnoDB DEFAULT CHARSET=utf8;

--
-- Dumping data for table `t_request`
--

INSERT INTO `t_request` (`id`, `id_member`, `id_product`, `id_size`, `address`, `province`, `city`, `note`, `first_name`, `last_name`, `district`, `zip_code`, `phone_number`) VALUES
(1, 1, 1, 7, 'gg', 'Bali', 'Badung', 'tse', NULL, NULL, NULL, NULL, NULL),
(2, 1, 1, 7, 'gg', 'Bali', 'Badung', 'tse', NULL, NULL, NULL, NULL, NULL),
(3, 1, 4, 7, 'gh', 'Bengkulu', 'Bengkulu', 'gf', NULL, NULL, NULL, NULL, NULL),
(4, NULL, 3, 7, 'dgs', 'Banten', 'Cilegon', 'test', NULL, NULL, NULL, NULL, NULL),
(5, 1, 3, 7, 'ff', 'Banten', 'Cilegon', 'test', NULL, NULL, NULL, NULL, NULL),
(6, NULL, 3, 13, 'Tangerang', 'Banten', 'Tangerang', NULL, 'Handri', 'Saeputra', 'Neglasari', '123', '081808784785');

-- --------------------------------------------------------

--
-- Table structure for table `t_role_user`
--

CREATE TABLE `t_role_user` (
  `id` int(11) NOT NULL,
  `name_role` varchar(255) DEFAULT NULL,
  `desc` varchar(255) DEFAULT NULL,
  `date_created` datetime DEFAULT NULL
) ENGINE=InnoDB DEFAULT CHARSET=latin1;

--
-- Dumping data for table `t_role_user`
--

INSERT INTO `t_role_user` (`id`, `name_role`, `desc`, `date_created`) VALUES
(1, 'Admin', 'All Privileges Menu', '2020-07-05 06:41:42'),
(9, 'Piso', 'Khusus Admin Piso', '2020-03-10 03:02:19');

-- --------------------------------------------------------

--
-- Table structure for table `t_slideshow`
--

CREATE TABLE `t_slideshow` (
  `id` int(11) NOT NULL,
  `title` varchar(45) DEFAULT NULL,
  `img` varchar(45) DEFAULT NULL,
  `adddate` datetime DEFAULT NULL,
  `link` text NOT NULL
) ENGINE=InnoDB DEFAULT CHARSET=utf8;

--
-- Dumping data for table `t_slideshow`
--

INSERT INTO `t_slideshow` (`id`, `title`, `img`, `adddate`, `link`) VALUES
(3, 'img3   ', '3_home 7-3 low-01.jpg', '2020-11-19 18:35:16', '   '),
(15, '3', '15_home 7-3-02.jpg', '2020-11-17 20:28:07', '');

-- --------------------------------------------------------

--
-- Table structure for table `t_sub_menu`
--

CREATE TABLE `t_sub_menu` (
  `id` int(11) NOT NULL,
  `id_menu` varchar(45) DEFAULT NULL,
  `sub_menu_name` varchar(255) DEFAULT NULL,
  `url` varchar(255) DEFAULT NULL,
  `addby` int(11) DEFAULT NULL,
  `adddate` varchar(255) DEFAULT NULL
) ENGINE=InnoDB DEFAULT CHARSET=latin1;

--
-- Dumping data for table `t_sub_menu`
--

INSERT INTO `t_sub_menu` (`id`, `id_menu`, `sub_menu_name`, `url`, `addby`, `adddate`) VALUES
(1, '1', 'Group Menu', 'menu_table', NULL, NULL),
(2, '1', 'Sub Menu', 'sub_menu_table', NULL, NULL),
(10, '1', 'User', 'user_table', 1, '2019-04-10 07:33:26'),
(41, '1', 'Role User', 'role_table', 1, '2019-11-08 15:18:49'),
(68, '22', 'List piso ', 'list_piso', 1, '2020-03-10 00:18:20'),
(69, '23', 'Slide Show', 'slideshow', 1, '2020-04-02 00:29:07'),
(70, '23', 'Product', 'product', 1, '2020-04-02 00:32:12'),
(71, '23', 'Why Us', 'why_us', 1, '2020-04-02 00:32:31'),
(72, '23', 'Binefit', 'binefit', 1, '2020-04-02 00:33:02'),
(73, '23', 'Project', 'project', 1, '2020-04-02 00:33:18'),
(74, '23', 'Gallery', 'gallery', 1, '2020-04-02 00:33:36'),
(75, '23', 'Contact Info', 'contact_info', 1, '2020-04-02 00:33:51'),
(76, '24', 'New Order', 'new_order', 1, '2020-04-02 00:37:00'),
(77, '25', 'List Member', 'member', 1, '2020-04-10 22:12:08'),
(78, '26', 'Request List', 'sample', 1, '2020-04-10 22:12:30'),
(79, '27', 'Project', 'schedule_project', 1, '2020-04-26 22:56:04'),
(80, '23', 'Models', 'models_backend', 1, '2020-07-05 06:40:34');

-- --------------------------------------------------------

--
-- Table structure for table `t_transaction_detail`
--

CREATE TABLE `t_transaction_detail` (
  `id` int(11) NOT NULL,
  `id_transaction` int(11) DEFAULT NULL,
  `qty` int(11) DEFAULT NULL,
  `p` int(2) DEFAULT NULL,
  `l` int(2) DEFAULT NULL,
  `t` int(2) DEFAULT NULL,
  `berat` int(11) DEFAULT NULL,
  `harga` int(11) DEFAULT NULL,
  `sub_total` int(11) DEFAULT NULL,
  `product_id` int(11) DEFAULT NULL
) ENGINE=InnoDB DEFAULT CHARSET=utf8;

--
-- Dumping data for table `t_transaction_detail`
--

INSERT INTO `t_transaction_detail` (`id`, `id_transaction`, `qty`, `p`, `l`, `t`, `berat`, `harga`, `sub_total`, `product_id`) VALUES
(1, 8, 10, 20, 20, 20, 2, 3000, 30000, 2),
(2, 8, 10, 10, 20, 30, 2, 5000, 50000, 1),
(7, 11, 10, 20, 20, 20, 2, 3000, 30000, 2),
(8, 11, 10, 10, 20, 30, 2, 5000, 50000, 1),
(9, 12, 10, 20, 20, 20, 2, 3000, 30000, 2),
(10, 12, 10, 10, 20, 30, 2, 5000, 50000, 1),
(13, 14, 10, 10, 20, 30, 2, 5000, 50000, 1),
(14, 14, 10, 10, 20, 30, 2, 5000, 50000, 1),
(15, 15, 10, 10, 20, 30, 2, 5000, 50000, 1),
(16, 15, 10, 10, 20, 30, 2, 5000, 50000, 1),
(17, 16, 10, 10, 20, 30, 2, 5000, 50000, 1),
(18, 16, 10, 10, 20, 30, 2, 5000, 50000, 1),
(19, 17, 10, 10, 20, 30, 2, 5000, 50000, 1),
(20, 17, 10, 10, 20, 30, 2, 5000, 50000, 1),
(21, 18, 10, 10, 20, 30, 2, 5000, 50000, 1),
(22, 18, 10, 10, 20, 30, 2, 5000, 50000, 1),
(23, 19, 10, 10, 20, 30, 2, 5000, 50000, 1),
(24, 19, 10, 10, 10, 10, 2, 2000, 20000, 3),
(27, 24, 1, NULL, NULL, NULL, 0, 5000, 5000, 1),
(28, 25, 2, NULL, NULL, NULL, 0, 25000, 50000, 1),
(29, 26, 2, NULL, NULL, NULL, 0, 25000, 50000, 1),
(30, 26, 1, NULL, NULL, NULL, 0, 30000, 30000, 1),
(31, 27, 2, NULL, NULL, NULL, 0, 25000, 50000, 1),
(32, 27, 1, NULL, NULL, NULL, 0, 30000, 30000, 1),
(33, 28, 25, NULL, NULL, NULL, 5, 25000, 625000, 1);

-- --------------------------------------------------------

--
-- Table structure for table `t_transaction_header`
--

CREATE TABLE `t_transaction_header` (
  `id` int(11) NOT NULL,
  `first_name` varchar(45) DEFAULT NULL,
  `last_name` varchar(45) DEFAULT NULL,
  `amount` int(11) DEFAULT NULL,
  `address` text DEFAULT NULL,
  `note` text DEFAULT NULL,
  `email` varchar(45) DEFAULT NULL,
  `qty` int(11) DEFAULT NULL,
  `phone` varchar(45) DEFAULT NULL,
  `amount_shipping` varchar(45) DEFAULT NULL,
  `courier` varchar(45) DEFAULT NULL,
  `status` varchar(45) DEFAULT 'pending',
  `snap_token` text DEFAULT NULL,
  `created_at` datetime DEFAULT NULL,
  `updated_at` datetime DEFAULT NULL
) ENGINE=InnoDB DEFAULT CHARSET=utf8;

--
-- Dumping data for table `t_transaction_header`
--

INSERT INTO `t_transaction_header` (`id`, `first_name`, `last_name`, `amount`, `address`, `note`, `email`, `qty`, `phone`, `amount_shipping`, `courier`, `status`, `snap_token`, `created_at`, `updated_at`) VALUES
(1, 'Handri', 'Saeputra', 68000, 'Alamat Rumah', 'Testing Handri', 'handrisaeputra@gmail.com', 1, '081808784785', '18000', 'jne', 'pending', '7552a0a5-37d6-4754-9af7-a2a72b6a5958', '2020-04-11 00:28:42', '2020-04-11 00:28:42'),
(4, 'Handri', 'Saeputra', 108000, 'Rumah Handri', 'Testing Handri', 'handrisaeputra@gmail.com', 1, '081808784785', '28000', 'pos', 'pending', 'c48aed7b-3c2e-43e6-a67f-c06706382a1d', '2020-04-11 00:42:27', '2020-04-11 00:42:27'),
(8, 'Wawan', 'H', 112000, 'Test', 'Testing Handri', 'hh@hh.com', 1, '88787878', '32000', 'jne', 'pending', '0183b5ae-f32a-4982-96bf-d3abcf17d390', '2020-04-12 22:26:26', '2020-04-12 22:26:27'),
(11, 'JJ', 'lkl', 128000, 'Test', 'Testing Handri', 'hh@hh.com', 1, '342143', '48000', 'jne', 'pending', 'b417e164-7ff4-459d-8e07-a1e42ad895e5', '2020-04-12 22:34:09', '2020-04-12 22:34:10'),
(12, 'gh', 'hj', 116000, 'trtr', 'Testing Handri', 'hj@hj.com', 1, '87878', '36000', 'jne', 'pending', 'fddabe5b-2c4e-41ea-8ad4-7633528940e4', '2020-04-12 22:36:18', '2020-04-12 22:36:19'),
(14, 'Test', '1', 208000, 'r', 'Test', 'rr@aa.com', 20, '1', '108000', 'jne', 'pending', '5a7182c0-595d-40f0-bdff-b32dde7ed847', '2020-05-10 00:38:35', '2020-05-10 00:38:35'),
(15, 'Test', '1', 208000, 'r', 'Test', 'rr@aa.com', 20, '1', '108000', 'jne', 'pending', '38edf8a4-5aae-4767-b1a3-17d36735fc50', '2020-05-10 00:39:10', '2020-05-10 00:39:10'),
(16, 'Test', '1', 208000, 'r', 'Test', 'handrisaeputra@gmail.com', 20, '1', '108000', 'jne', 'pending', '86fed499-77fd-4333-b256-8f13ba096cd0', '2020-05-10 00:39:34', '2020-05-10 00:39:35'),
(17, 'Test', '1', 208000, 'r', 'Test', 'handrisaeputra@gmail.com', 20, '1', '108000', 'jne', 'pending', 'a2b2abae-3a89-4935-a321-61679abe7e31', '2020-05-10 00:39:54', '2020-05-10 00:39:55'),
(18, 'Handri', 'Handri', 136000, 'Test', 'Handri', 'handrisaeputra@gmail.com', 20, '081808784785', '36000', 'jne', 'pending', '532bd53c-b4de-41cc-86ab-051b19076cd3', '2020-05-10 00:41:54', '2020-05-10 00:41:57'),
(19, 'Handri', 'Handri', 142000, NULL, 'Handri', 'handrisaeputra@gmail.com', 20, '081808785', '72000', 'tiki', 'pending', '836265f8-afaa-4122-ac42-291b0da4f4aa', '2020-05-10 01:23:18', '2020-05-10 01:23:29'),
(24, 'gg', 'ii', 14000, 'ok', 'gg', 'handrisaeputra@gmail.com', 1, '08808', '9000', 'jne', 'pending', 'ee71c413-f6aa-4854-bb2f-0c20fe041ee9', '2020-06-22 07:09:59', '2020-06-22 07:09:59'),
(25, 'gg', 'ii', 59000, 'test', 'gg', 'handrisaeputra@gmail.com', 2, '08808', '9000', 'jne', 'pending', '9bb5c1f2-7070-4011-a375-77e44af8e488', '2020-06-30 12:58:19', '2020-06-30 12:58:20'),
(26, 'gg', 'ii', 89000, 'ok', 'gg', 'handrisaeputra@gmail.com', 3, '08808', '9000', 'jne', 'pending', 'a2ead32f-e7a9-4357-a049-fbd5cd1eee27', '2020-07-13 22:46:06', '2020-07-13 22:46:13'),
(27, 'gg', 'ii', 89000, 'test', 'gg', 'handrisaeputra@gmail.com', 3, '08808', '9000', 'jne', 'pending', '6b081333-b70e-48c6-a810-59d2829e7e0e', '2020-07-13 22:57:11', '2020-07-13 22:57:12'),
(28, 'Handri', 'Saeputra', 637000, 'test', 'Handri', 'handrisaeputra@gmail.com', 25, '081808784785', '12000', 'tiki', 'pending', '4ab2fad6-219e-44b7-8eb5-f494a0d623c9', '2020-07-13 23:03:09', '2020-07-13 23:03:10');

-- --------------------------------------------------------

--
-- Table structure for table `t_why_us`
--

CREATE TABLE `t_why_us` (
  `id` int(11) NOT NULL,
  `title` text DEFAULT NULL,
  `title_number` varchar(45) DEFAULT NULL,
  `title_desc` text DEFAULT NULL,
  `desc` text DEFAULT NULL,
  `desc_eng` text DEFAULT NULL,
  `bg` varchar(45) DEFAULT NULL,
  `img` text DEFAULT NULL,
  `adddate` datetime DEFAULT NULL
) ENGINE=InnoDB DEFAULT CHARSET=utf8;

--
-- Dumping data for table `t_why_us`
--

INSERT INTO `t_why_us` (`id`, `title`, `title_number`, `title_desc`, `desc`, `desc_eng`, `bg`, `img`, `adddate`) VALUES
(1, 'EXPERIENCE ', '01     ', 'Pengalaman', 'Dengan memiliki pengalaman lebih dari 25 tahun dalam industri yang bergelombang / bergejolak, tim kami berdedikasi dalam menawarkan bantuan paling profesional dalam membimbing pelanggan kami memilih solusi pengemasan terbaik dan paling efisien. ', 'With over 25 years of experience in the corrugated industry, our team is dedicated in offering the most professional help in guiding our customers choose the best and the most efficient packaging solution.\n ', ' section-why-primary', '1_custombox_home photos png compressed-04-min.png', '2020-11-19 18:43:28'),
(2, 'FULLY CUSTOMIZABLE ', '02    ', 'Disesuaikan Seluruhnya', 'Pilih dari ratusan model dan bahan yang berbeda dan sesuaikan dengan produk Anda. Dengan beragam pilihan untuk dipilih, selalu ada solusi yang tepat untuk setiap masalah pengemasan', 'Choose from hundreds of different models, material and custom fit it to your product.. With a diverse range of options to choose from, there is always the right solution to every packaging problem. ', 'section-why-secondary', '2_custombox_home photos png compressed-01-min.png', '2020-11-19 18:43:35'),
(3, 'PREMIUM MATERIAL  ', '03     ', 'Bahan Premium ', 'Di Custombox Indonesia, kami percaya bahwa kemasan adalah \'wajah\' dari suatu produk dan merupakan bagian yang tak terpisahkan dari pengalaman berkesan terhadap produk. Dengan prinsip tersebut, kami berkomitmen untuk memberikan pengalaman terbaik bagi pelanggan Anda. Minta sampel gratis dari bahan premium kami.  ', 'At Custombox Indonesia, we believe that packaging is the \'face\' of a product and is an integral part of a memorable product experience. With these principles, we are committed to providing the best experience for your customers. Request free samples of our premium materials. ', 'section-why-primary', '3_custombox_home photos png compressed-02-min.png', '2020-11-19 18:44:08'),
(4, 'COST EFFICIENT ', '04   ', 'Hemat Biaya', 'Kami selalu menawarkan solusi paling efisien untuk setiap masalah. Kotak bergelombang kami menawarkan kekuatan untuk harga yang paling efisien dan memastikan keamanan isinya tanpa mengeluarkan banyak biaya. Temukan solusi Anda yang paling hemat biaya hari ini!', 'We always offer the most efficient solution to every problem. Our corrugated boxes offer the most efficient strength to price ratio ensuring the safety of its contents without sacrificing much cost. Find your  most cost efficient solution today! ', 'section-why-secondary', '4_custombox_home photos png compressed-03-min.png', '2020-11-19 18:44:16');

-- --------------------------------------------------------

--
-- Table structure for table `users`
--

CREATE TABLE `users` (
  `id` int(11) NOT NULL,
  `realm` varchar(512) DEFAULT NULL,
  `username` varchar(512) DEFAULT NULL,
  `name` varchar(255) DEFAULT NULL,
  `password` varchar(512) NOT NULL,
  `company_id` varchar(45) DEFAULT NULL,
  `area_id` varchar(45) DEFAULT NULL,
  `email` varchar(512) DEFAULT NULL,
  `gender` varchar(512) DEFAULT NULL,
  `user_group_id` int(11) DEFAULT NULL,
  `user_group_name` varchar(512) DEFAULT NULL,
  `phone` varchar(512) DEFAULT NULL,
  `mobile` varchar(512) DEFAULT NULL,
  `address` varchar(255) DEFAULT NULL,
  `dob` varchar(255) DEFAULT NULL,
  `hometown` varchar(255) DEFAULT NULL,
  `group` varchar(255) DEFAULT NULL,
  `team` varchar(255) DEFAULT NULL,
  `status` varchar(255) DEFAULT NULL,
  `date_crated` datetime DEFAULT NULL,
  `emailVerified` tinyint(1) DEFAULT NULL,
  `real_password` varchar(45) CHARACTER SET utf8 COLLATE utf8_unicode_ci DEFAULT NULL,
  `active` varchar(191) CHARACTER SET utf8 COLLATE utf8_unicode_ci DEFAULT NULL,
  `verificationToken` varchar(512) DEFAULT NULL,
  `remember_token` varchar(100) CHARACTER SET utf8 COLLATE utf8_unicode_ci DEFAULT NULL,
  `role` varchar(45) DEFAULT NULL,
  `user_type` varchar(45) DEFAULT NULL,
  `token_api` text DEFAULT NULL
) ENGINE=InnoDB DEFAULT CHARSET=utf8;

--
-- Dumping data for table `users`
--

INSERT INTO `users` (`id`, `realm`, `username`, `name`, `password`, `company_id`, `area_id`, `email`, `gender`, `user_group_id`, `user_group_name`, `phone`, `mobile`, `address`, `dob`, `hometown`, `group`, `team`, `status`, `date_crated`, `emailVerified`, `real_password`, `active`, `verificationToken`, `remember_token`, `role`, `user_type`, `token_api`) VALUES
(1, 'server', 'admin', 'admin', '$2y$10$EftNHcEx8JTzIZ/diVb3O.TZcK5QO2MHPICJbmM/qkaMxTU/4ot.S', NULL, NULL, 'admin@admin.com', NULL, 1, 'admin', NULL, NULL, NULL, NULL, NULL, NULL, NULL, NULL, NULL, NULL, 'cbiwebsite88', '1', NULL, 'elYmsIE5mpmr15fHt61qlJ1dahqv5ItuHlqcgxZIuziP1u2t478mx94roI9S', '1', NULL, 'eyJ0eXAiOiJKV1QiLCJhbGciOiJIUzI1NiJ9.eyJzdWIiOjEsImlzcyI6Imh0dHA6Ly9sb2NhbGhvc3QvdmlydHVzLXdlYi9hcGkvYXV0aC9zaWduaW4iLCJpYXQiOjE1NzUxOTM4NjEsImV4cCI6MTU3NTc5ODY2MSwibmJmIjoxNTc1MTkzODYxLCJqdGkiOiJjaG5VVEw3ODRmdnA0WEJ4In0.vcF5BeQhSh3kaH6_L6qtHbfsdEJFza8x4PRGzWtDbdQ');

--
-- Indexes for dumped tables
--

--
-- Indexes for table `accesstoken`
--
ALTER TABLE `accesstoken`
  ADD PRIMARY KEY (`id`);

--
-- Indexes for table `acl`
--
ALTER TABLE `acl`
  ADD PRIMARY KEY (`id`);

--
-- Indexes for table `tbl_piso`
--
ALTER TABLE `tbl_piso`
  ADD PRIMARY KEY (`id`);

--
-- Indexes for table `t_benefit`
--
ALTER TABLE `t_benefit`
  ADD PRIMARY KEY (`id`);

--
-- Indexes for table `t_contact_info`
--
ALTER TABLE `t_contact_info`
  ADD PRIMARY KEY (`id`);

--
-- Indexes for table `t_gallery`
--
ALTER TABLE `t_gallery`
  ADD PRIMARY KEY (`id`);

--
-- Indexes for table `t_icon`
--
ALTER TABLE `t_icon`
  ADD PRIMARY KEY (`id`);

--
-- Indexes for table `t_manu`
--
ALTER TABLE `t_manu`
  ADD PRIMARY KEY (`id`);

--
-- Indexes for table `t_member`
--
ALTER TABLE `t_member`
  ADD PRIMARY KEY (`id`);

--
-- Indexes for table `t_menu`
--
ALTER TABLE `t_menu`
  ADD PRIMARY KEY (`id`);

--
-- Indexes for table `t_models`
--
ALTER TABLE `t_models`
  ADD PRIMARY KEY (`id`);

--
-- Indexes for table `t_models_gallery`
--
ALTER TABLE `t_models_gallery`
  ADD PRIMARY KEY (`id`);

--
-- Indexes for table `t_past_project`
--
ALTER TABLE `t_past_project`
  ADD PRIMARY KEY (`id`);

--
-- Indexes for table `t_post_project`
--
ALTER TABLE `t_post_project`
  ADD PRIMARY KEY (`id`);

--
-- Indexes for table `t_privileges`
--
ALTER TABLE `t_privileges`
  ADD PRIMARY KEY (`id`);

--
-- Indexes for table `t_privileges_sub`
--
ALTER TABLE `t_privileges_sub`
  ADD PRIMARY KEY (`id`);

--
-- Indexes for table `t_product_gallery`
--
ALTER TABLE `t_product_gallery`
  ADD PRIMARY KEY (`id`);

--
-- Indexes for table `t_product_harga`
--
ALTER TABLE `t_product_harga`
  ADD PRIMARY KEY (`id`);

--
-- Indexes for table `t_project`
--
ALTER TABLE `t_project`
  ADD PRIMARY KEY (`id`);

--
-- Indexes for table `t_project_initial`
--
ALTER TABLE `t_project_initial`
  ADD PRIMARY KEY (`id`);

--
-- Indexes for table `t_request`
--
ALTER TABLE `t_request`
  ADD PRIMARY KEY (`id`);

--
-- Indexes for table `t_role_user`
--
ALTER TABLE `t_role_user`
  ADD PRIMARY KEY (`id`);

--
-- Indexes for table `t_slideshow`
--
ALTER TABLE `t_slideshow`
  ADD PRIMARY KEY (`id`);

--
-- Indexes for table `t_sub_menu`
--
ALTER TABLE `t_sub_menu`
  ADD PRIMARY KEY (`id`);

--
-- Indexes for table `t_transaction_detail`
--
ALTER TABLE `t_transaction_detail`
  ADD PRIMARY KEY (`id`);

--
-- Indexes for table `t_transaction_header`
--
ALTER TABLE `t_transaction_header`
  ADD PRIMARY KEY (`id`);

--
-- Indexes for table `t_why_us`
--
ALTER TABLE `t_why_us`
  ADD PRIMARY KEY (`id`);

--
-- Indexes for table `users`
--
ALTER TABLE `users`
  ADD PRIMARY KEY (`id`);

--
-- AUTO_INCREMENT for dumped tables
--

--
-- AUTO_INCREMENT for table `acl`
--
ALTER TABLE `acl`
  MODIFY `id` int(11) NOT NULL AUTO_INCREMENT;

--
-- AUTO_INCREMENT for table `tbl_piso`
--
ALTER TABLE `tbl_piso`
  MODIFY `id` int(11) NOT NULL AUTO_INCREMENT, AUTO_INCREMENT=441;

--
-- AUTO_INCREMENT for table `t_benefit`
--
ALTER TABLE `t_benefit`
  MODIFY `id` int(11) NOT NULL AUTO_INCREMENT, AUTO_INCREMENT=5;

--
-- AUTO_INCREMENT for table `t_contact_info`
--
ALTER TABLE `t_contact_info`
  MODIFY `id` int(11) NOT NULL AUTO_INCREMENT, AUTO_INCREMENT=4;

--
-- AUTO_INCREMENT for table `t_gallery`
--
ALTER TABLE `t_gallery`
  MODIFY `id` int(11) NOT NULL AUTO_INCREMENT, AUTO_INCREMENT=9;

--
-- AUTO_INCREMENT for table `t_icon`
--
ALTER TABLE `t_icon`
  MODIFY `id` int(11) NOT NULL AUTO_INCREMENT, AUTO_INCREMENT=11;

--
-- AUTO_INCREMENT for table `t_manu`
--
ALTER TABLE `t_manu`
  MODIFY `id` int(10) NOT NULL AUTO_INCREMENT, AUTO_INCREMENT=6;

--
-- AUTO_INCREMENT for table `t_member`
--
ALTER TABLE `t_member`
  MODIFY `id` int(11) NOT NULL AUTO_INCREMENT, AUTO_INCREMENT=4;

--
-- AUTO_INCREMENT for table `t_menu`
--
ALTER TABLE `t_menu`
  MODIFY `id` int(10) UNSIGNED NOT NULL AUTO_INCREMENT, AUTO_INCREMENT=28;

--
-- AUTO_INCREMENT for table `t_models`
--
ALTER TABLE `t_models`
  MODIFY `id` int(11) NOT NULL AUTO_INCREMENT, AUTO_INCREMENT=9;

--
-- AUTO_INCREMENT for table `t_models_gallery`
--
ALTER TABLE `t_models_gallery`
  MODIFY `id` int(11) NOT NULL AUTO_INCREMENT, AUTO_INCREMENT=161;

--
-- AUTO_INCREMENT for table `t_past_project`
--
ALTER TABLE `t_past_project`
  MODIFY `id` int(11) NOT NULL AUTO_INCREMENT, AUTO_INCREMENT=11;

--
-- AUTO_INCREMENT for table `t_post_project`
--
ALTER TABLE `t_post_project`
  MODIFY `id` int(11) NOT NULL AUTO_INCREMENT, AUTO_INCREMENT=21;

--
-- AUTO_INCREMENT for table `t_privileges`
--
ALTER TABLE `t_privileges`
  MODIFY `id` int(11) NOT NULL AUTO_INCREMENT, AUTO_INCREMENT=227;

--
-- AUTO_INCREMENT for table `t_privileges_sub`
--
ALTER TABLE `t_privileges_sub`
  MODIFY `id` int(11) NOT NULL AUTO_INCREMENT, AUTO_INCREMENT=595;

--
-- AUTO_INCREMENT for table `t_product_gallery`
--
ALTER TABLE `t_product_gallery`
  MODIFY `id` int(11) NOT NULL AUTO_INCREMENT, AUTO_INCREMENT=27;

--
-- AUTO_INCREMENT for table `t_product_harga`
--
ALTER TABLE `t_product_harga`
  MODIFY `id` int(11) NOT NULL AUTO_INCREMENT, AUTO_INCREMENT=23;

--
-- AUTO_INCREMENT for table `t_project`
--
ALTER TABLE `t_project`
  MODIFY `id` int(11) NOT NULL AUTO_INCREMENT;

--
-- AUTO_INCREMENT for table `t_project_initial`
--
ALTER TABLE `t_project_initial`
  MODIFY `id` int(11) NOT NULL AUTO_INCREMENT;

--
-- AUTO_INCREMENT for table `t_request`
--
ALTER TABLE `t_request`
  MODIFY `id` int(11) NOT NULL AUTO_INCREMENT, AUTO_INCREMENT=7;

--
-- AUTO_INCREMENT for table `t_role_user`
--
ALTER TABLE `t_role_user`
  MODIFY `id` int(11) NOT NULL AUTO_INCREMENT, AUTO_INCREMENT=10;

--
-- AUTO_INCREMENT for table `t_slideshow`
--
ALTER TABLE `t_slideshow`
  MODIFY `id` int(11) NOT NULL AUTO_INCREMENT, AUTO_INCREMENT=19;

--
-- AUTO_INCREMENT for table `t_sub_menu`
--
ALTER TABLE `t_sub_menu`
  MODIFY `id` int(11) NOT NULL AUTO_INCREMENT, AUTO_INCREMENT=81;

--
-- AUTO_INCREMENT for table `t_transaction_detail`
--
ALTER TABLE `t_transaction_detail`
  MODIFY `id` int(11) NOT NULL AUTO_INCREMENT, AUTO_INCREMENT=34;

--
-- AUTO_INCREMENT for table `t_transaction_header`
--
ALTER TABLE `t_transaction_header`
  MODIFY `id` int(11) NOT NULL AUTO_INCREMENT, AUTO_INCREMENT=29;

--
-- AUTO_INCREMENT for table `t_why_us`
--
ALTER TABLE `t_why_us`
  MODIFY `id` int(11) NOT NULL AUTO_INCREMENT, AUTO_INCREMENT=5;

--
-- AUTO_INCREMENT for table `users`
--
ALTER TABLE `users`
  MODIFY `id` int(11) NOT NULL AUTO_INCREMENT, AUTO_INCREMENT=10;
COMMIT;

/*!40101 SET CHARACTER_SET_CLIENT=@OLD_CHARACTER_SET_CLIENT */;
/*!40101 SET CHARACTER_SET_RESULTS=@OLD_CHARACTER_SET_RESULTS */;
/*!40101 SET COLLATION_CONNECTION=@OLD_COLLATION_CONNECTION */;
